
> activity-booking-platform@1.0.0 start:dev
> nest start --watch

[2J[3J[H[[90m3:14:54 PM[0m] Starting compilation in watch mode...

[96msrc/activities/activities.service.ts[0m:[93m10[0m:[93m24[0m - [91merror[0m[90m TS2339: [0mProperty 'activity' does not exist on type 'PrismaService'.

[7m10[0m     return this.prisma.activity.findMany({
[7m  [0m [91m                       ~~~~~~~~[0m

[96msrc/activities/activities.service.ts[0m:[93m24[0m:[93m24[0m - [91merror[0m[90m TS2339: [0mProperty 'activity' does not exist on type 'PrismaService'.

[7m24[0m     return this.prisma.activity.findUnique({
[7m  [0m [91m                       ~~~~~~~~[0m

[96msrc/activities/activities.service.ts[0m:[93m34[0m:[93m24[0m - [91merror[0m[90m TS2339: [0mProperty 'activity' does not exist on type 'PrismaService'.

[7m34[0m     return this.prisma.activity.create({
[7m  [0m [91m                       ~~~~~~~~[0m

[96msrc/activities/activities.service.ts[0m:[93m43[0m:[93m24[0m - [91merror[0m[90m TS2339: [0mProperty 'activity' does not exist on type 'PrismaService'.

[7m43[0m     return this.prisma.activity.update({
[7m  [0m [91m                       ~~~~~~~~[0m

[96msrc/activities/activities.service.ts[0m:[93m53[0m:[93m24[0m - [91merror[0m[90m TS2339: [0mProperty 'activity' does not exist on type 'PrismaService'.

[7m53[0m     return this.prisma.activity.update({
[7m  [0m [91m                       ~~~~~~~~[0m

[96msrc/activities/activities.service.ts[0m:[93m60[0m:[93m24[0m - [91merror[0m[90m TS2339: [0mProperty 'activity' does not exist on type 'PrismaService'.

[7m60[0m     return this.prisma.activity.findMany({
[7m  [0m [91m                       ~~~~~~~~[0m

[96msrc/activities/activities.service.ts[0m:[93m69[0m:[93m24[0m - [91merror[0m[90m TS2339: [0mProperty 'activity' does not exist on type 'PrismaService'.

[7m69[0m     return this.prisma.activity.findMany({
[7m  [0m [91m                       ~~~~~~~~[0m

[96msrc/admin/admin-bookings.controller.ts[0m:[93m120[0m:[93m15[0m - [91merror[0m[90m TS2551: [0mProperty 'activityId' does not exist on type '{ user: { email: string; password: string; name: string; role: Role; id: string; createdAt: Date; updatedAt: Date; }; staff: never; activity: never; resources: never; } & { id: string; ... 11 more ...; approvedAt: Date; }'. Did you mean 'activity'?

[7m120[0m       booking.activityId,
[7m   [0m [91m              ~~~~~~~~~~[0m

[96msrc/bookings/bookings.service.ts[0m:[93m83[0m:[93m40[0m - [91merror[0m[90m TS2339: [0mProperty 'activity' does not exist on type 'PrismaService'.

[7m83[0m     const activity = await this.prisma.activity.findUnique({
[7m  [0m [91m                                       ~~~~~~~~[0m

[96msrc/bookings/bookings.service.ts[0m:[93m150[0m:[93m9[0m - [91merror[0m[90m TS2353: [0mObject literal may only specify known properties, and 'activityId' does not exist in type '(Without<BookingCreateInput, BookingUncheckedCreateInput> & BookingUncheckedCreateInput) | (Without<...> & BookingCreateInput)'.

[7m150[0m         activityId: data.activityId,
[7m   [0m [91m        ~~~~~~~~~~[0m

  [96mgenerated/prisma/models/Booking.ts[0m:[93m1658[0m:[93m3[0m
    [7m1658[0m   data: Prisma.XOR<Prisma.BookingCreateInput, Prisma.BookingUncheckedCreateInput>
    [7m    [0m [96m  ~~~~[0m
    The expected type comes from property 'data' which is declared here on type '{ select?: BookingSelect<DefaultArgs>; omit?: BookingOmit<DefaultArgs>; include?: BookingInclude<DefaultArgs>; data: (Without<...> & BookingUncheckedCreateInput) | (Without<...> & BookingCreateInput); }'

[96msrc/bookings/bookings.service.ts[0m:[93m164[0m:[93m9[0m - [91merror[0m[90m TS2353: [0mObject literal may only specify known properties, and 'activity' does not exist in type 'BookingInclude<DefaultArgs>'.

[7m164[0m         activity: true,
[7m   [0m [91m        ~~~~~~~~[0m

  [96mgenerated/prisma/models/Booking.ts[0m:[93m1654[0m:[93m3[0m
    [7m1654[0m   include?: Prisma.BookingInclude<ExtArgs> | null
    [7m    [0m [96m  ~~~~~~~[0m
    The expected type comes from property 'include' which is declared here on type '{ select?: BookingSelect<DefaultArgs>; omit?: BookingOmit<DefaultArgs>; include?: BookingInclude<DefaultArgs>; data: (Without<...> & BookingUncheckedCreateInput) | (Without<...> & BookingCreateInput); }'

[96msrc/bookings/bookings.service.ts[0m:[93m177[0m:[93m25[0m - [91merror[0m[90m TS2339: [0mProperty 'bookingResource' does not exist on type 'PrismaService'.

[7m177[0m       await this.prisma.bookingResource.createMany({
[7m   [0m [91m                        ~~~~~~~~~~~~~~~[0m

[96msrc/bookings/bookings.service.ts[0m:[93m195[0m:[93m25[0m - [91merror[0m[90m TS2551: [0mProperty 'activityId' does not exist on type '{ user: { email: string; password: string; name: string; role: Role; id: string; createdAt: Date; updatedAt: Date; }; staff: never; activity: never; resources: never; } & { id: string; ... 11 more ...; approvedAt: Date; }'. Did you mean 'activity'?

[7m195[0m         existingBooking.activityId,
[7m   [0m [91m                        ~~~~~~~~~~[0m

[96msrc/bookings/bookings.service.ts[0m:[93m198[0m:[93m25[0m - [91merror[0m[90m TS2551: [0mProperty 'resourceUnits' does not exist on type '{ user: { email: string; password: string; name: string; role: Role; id: string; createdAt: Date; updatedAt: Date; }; staff: never; activity: never; resources: never; } & { id: string; ... 11 more ...; approvedAt: Date; }'. Did you mean 'resources'?

[7m198[0m         existingBooking.resourceUnits,
[7m   [0m [91m                        ~~~~~~~~~~~~~[0m

[96msrc/bookings/bookings.service.ts[0m:[93m230[0m:[93m9[0m - [91merror[0m[90m TS2353: [0mObject literal may only specify known properties, and 'activity' does not exist in type 'BookingInclude<DefaultArgs>'.

[7m230[0m         activity: true,
[7m   [0m [91m        ~~~~~~~~[0m

  [96mgenerated/prisma/models/Booking.ts[0m:[93m1602[0m:[93m3[0m
    [7m1602[0m   include?: Prisma.BookingInclude<ExtArgs> | null
    [7m    [0m [96m  ~~~~~~~[0m
    The expected type comes from property 'include' which is declared here on type '{ select?: BookingSelect<DefaultArgs>; omit?: BookingOmit<DefaultArgs>; include?: BookingInclude<DefaultArgs>; ... 5 more ...; distinct?: BookingScalarFieldEnum | BookingScalarFieldEnum[]; }'

[96msrc/bookings/bookings.service.ts[0m:[93m246[0m:[93m16[0m - [91merror[0m[90m TS2353: [0mObject literal may only specify known properties, and 'activityId' does not exist in type 'BookingWhereInput'.

[7m246[0m       where: { activityId },
[7m   [0m [91m               ~~~~~~~~~~[0m

  [96mgenerated/prisma/models/Booking.ts[0m:[93m1606[0m:[93m3[0m
    [7m1606[0m   where?: Prisma.BookingWhereInput
    [7m    [0m [96m  ~~~~~[0m
    The expected type comes from property 'where' which is declared here on type '{ select?: BookingSelect<DefaultArgs>; omit?: BookingOmit<DefaultArgs>; include?: BookingInclude<DefaultArgs>; ... 5 more ...; distinct?: BookingScalarFieldEnum | BookingScalarFieldEnum[]; }'

[96msrc/bookings/bookings.service.ts[0m:[93m251[0m:[93m9[0m - [91merror[0m[90m TS2353: [0mObject literal may only specify known properties, and 'staff' does not exist in type 'BookingInclude<DefaultArgs>'.

[7m251[0m         staff: true,
[7m   [0m [91m        ~~~~~[0m

  [96mgenerated/prisma/models/Booking.ts[0m:[93m1602[0m:[93m3[0m
    [7m1602[0m   include?: Prisma.BookingInclude<ExtArgs> | null
    [7m    [0m [96m  ~~~~~~~[0m
    The expected type comes from property 'include' which is declared here on type '{ select?: BookingSelect<DefaultArgs>; omit?: BookingOmit<DefaultArgs>; include?: BookingInclude<DefaultArgs>; ... 5 more ...; distinct?: BookingScalarFieldEnum | BookingScalarFieldEnum[]; }'

[96msrc/bookings/bookings.service.ts[0m:[93m281[0m:[93m35[0m - [91merror[0m[90m TS2322: [0mType '"CONFIRMED"' is not assignable to type 'BookingStatus'.

[7m281[0m         status: { in: ['PENDING', 'CONFIRMED'] }
[7m   [0m [91m                                  ~~~~~~~~~~~[0m

[96msrc/bookings/bookings.service.ts[0m:[93m287[0m:[93m9[0m - [91merror[0m[90m TS2353: [0mObject literal may only specify known properties, and 'activity' does not exist in type 'BookingInclude<DefaultArgs>'.

[7m287[0m         activity: true,
[7m   [0m [91m        ~~~~~~~~[0m

  [96mgenerated/prisma/models/Booking.ts[0m:[93m1602[0m:[93m3[0m
    [7m1602[0m   include?: Prisma.BookingInclude<ExtArgs> | null
    [7m    [0m [96m  ~~~~~~~[0m
    The expected type comes from property 'include' which is declared here on type '{ select?: BookingSelect<DefaultArgs>; omit?: BookingOmit<DefaultArgs>; include?: BookingInclude<DefaultArgs>; ... 5 more ...; distinct?: BookingScalarFieldEnum | BookingScalarFieldEnum[]; }'

[96msrc/bookings/bookings.service.ts[0m:[93m300[0m:[93m9[0m - [91merror[0m[90m TS2322: [0mType '"CONFIRMED"' is not assignable to type 'BookingStatus | EnumBookingStatusFieldUpdateOperationsInput'.

[7m300[0m         status: 'CONFIRMED',
[7m   [0m [91m        ~~~~~~[0m

  [96mgenerated/prisma/models/Booking.ts[0m:[93m425[0m:[93m3[0m
    [7m425[0m   status?: Prisma.EnumBookingStatusFieldUpdateOperationsInput | $Enums.BookingStatus
    [7m   [0m [96m  ~~~~~~[0m
    The expected type comes from property 'status' which is declared here on type '(Without<BookingUpdateInput, BookingUncheckedUpdateInput> & BookingUncheckedUpdateInput) | (Without<...> & BookingUpdateInput)'

[96msrc/bookings/bookings.service.ts[0m:[93m306[0m:[93m9[0m - [91merror[0m[90m TS2353: [0mObject literal may only specify known properties, and 'activity' does not exist in type 'BookingInclude<DefaultArgs>'.

[7m306[0m         activity: true,
[7m   [0m [91m        ~~~~~~~~[0m

  [96mgenerated/prisma/models/Booking.ts[0m:[93m1710[0m:[93m3[0m
    [7m1710[0m   include?: Prisma.BookingInclude<ExtArgs> | null
    [7m    [0m [96m  ~~~~~~~[0m
    The expected type comes from property 'include' which is declared here on type '{ select?: BookingSelect<DefaultArgs>; omit?: BookingOmit<DefaultArgs>; include?: BookingInclude<DefaultArgs>; data: (Without<...> & BookingUncheckedUpdateInput) | (Without<...> & BookingUpdateInput); where: BookingWhereUniqueInput; }'

[96msrc/bookings/bookings.service.ts[0m:[93m333[0m:[93m40[0m - [91merror[0m[90m TS2339: [0mProperty 'activity' does not exist on type 'PrismaService'.

[7m333[0m     const activity = await this.prisma.activity.findUnique({
[7m   [0m [91m                                       ~~~~~~~~[0m

[96msrc/bookings/bookings.service.ts[0m:[93m375[0m:[93m40[0m - [91merror[0m[90m TS2339: [0mProperty 'activity' does not exist on type 'PrismaService'.

[7m375[0m     const activity = await this.prisma.activity.findUnique({
[7m   [0m [91m                                       ~~~~~~~~[0m

[96msrc/bookings/bookings.service.ts[0m:[93m432[0m:[93m9[0m - [91merror[0m[90m TS2561: [0mObject literal may only specify known properties, but 'resources' does not exist in type 'BookingInclude<DefaultArgs>'. Did you mean to write 'resource'?

[7m432[0m         resources: {
[7m   [0m [91m        ~~~~~~~~~[0m

  [96mgenerated/prisma/models/Booking.ts[0m:[93m1602[0m:[93m3[0m
    [7m1602[0m   include?: Prisma.BookingInclude<ExtArgs> | null
    [7m    [0m [96m  ~~~~~~~[0m
    The expected type comes from property 'include' which is declared here on type '{ select?: BookingSelect<DefaultArgs>; omit?: BookingOmit<DefaultArgs>; include?: BookingInclude<DefaultArgs>; ... 5 more ...; distinct?: BookingScalarFieldEnum | BookingScalarFieldEnum[]; }'

[96msrc/bookings/bookings.service.ts[0m:[93m439[0m:[93m39[0m - [91merror[0m[90m TS2551: [0mProperty 'resources' does not exist on type '{ id: string; createdAt: Date; updatedAt: Date; quantity: number; startTime: Date; endTime: Date; notes: string; status: BookingStatus; totalPrice: number; userId: string; resourceId: string; approvedBy: string; approvedAt: Date; }'. Did you mean 'resourceId'?

[7m439[0m       const bookingResource = booking.resources.find(r => r.resourceId === resourceId);
[7m   [0m [91m                                      ~~~~~~~~~[0m

[96msrc/bookings/bookings.service.ts[0m:[93m454[0m:[93m35[0m - [91merror[0m[90m TS2322: [0mType '"CONFIRMED"' is not assignable to type 'BookingStatus'.

[7m454[0m         status: { in: ['PENDING', 'CONFIRMED'] }
[7m   [0m [91m                                  ~~~~~~~~~~~[0m

[96msrc/bookings/bookings.service.ts[0m:[93m478[0m:[93m7[0m - [91merror[0m[90m TS2322: [0mType '{ activities: { include: { activity: true; }; }; }' is not assignable to type 'never'.

[7m478[0m       include: {
[7m   [0m [91m      ~~~~~~~[0m

  [96msrc/bookings/bookings.service.ts[0m:[93m478[0m:[93m7[0m
    [7m478[0m       include: {
    [7m   [0m [96m      ~~~~~~~~~~[0m
    [7m479[0m         activities: {
    [7m   [0m [96m~~~~~~~~~~~~~~~~~~~~~[0m
    [7m...[0m 
    [7m483[0m         }
    [7m   [0m [96m~~~~~~~~~[0m
    [7m484[0m       }
    [7m   [0m [96m~~~~~~~[0m
    The expected type comes from property 'include' which is declared here on type '{ where: any; include: never; }'

[96msrc/bookings/bookings.service.ts[0m:[93m490[0m:[93m40[0m - [91merror[0m[90m TS2339: [0mProperty 'activity' does not exist on type 'PrismaService'.

[7m490[0m     const activity = await this.prisma.activity.findUnique({
[7m   [0m [91m                                       ~~~~~~~~[0m

[96msrc/pricing/pricing.service.ts[0m:[93m10[0m:[93m24[0m - [91merror[0m[90m TS2339: [0mProperty 'pricing' does not exist on type 'PrismaService'.

[7m10[0m     return this.prisma.pricing.create({
[7m  [0m [91m                       ~~~~~~~[0m

[96msrc/pricing/pricing.service.ts[0m:[93m30[0m:[93m19[0m - [91merror[0m[90m TS2339: [0mProperty 'pricing' does not exist on type 'PrismaService'.

[7m30[0m       this.prisma.pricing.findMany({
[7m  [0m [91m                  ~~~~~~~[0m

[96msrc/pricing/pricing.service.ts[0m:[93m39[0m:[93m19[0m - [91merror[0m[90m TS2339: [0mProperty 'pricing' does not exist on type 'PrismaService'.

[7m39[0m       this.prisma.pricing.count({ where }),
[7m  [0m [91m                  ~~~~~~~[0m

[96msrc/pricing/pricing.service.ts[0m:[93m52[0m:[93m24[0m - [91merror[0m[90m TS2339: [0mProperty 'pricing' does not exist on type 'PrismaService'.

[7m52[0m     return this.prisma.pricing.findUnique({
[7m  [0m [91m                       ~~~~~~~[0m

[96msrc/pricing/pricing.service.ts[0m:[93m61[0m:[93m24[0m - [91merror[0m[90m TS2339: [0mProperty 'pricing' does not exist on type 'PrismaService'.

[7m61[0m     return this.prisma.pricing.update({
[7m  [0m [91m                       ~~~~~~~[0m

[96msrc/pricing/pricing.service.ts[0m:[93m71[0m:[93m24[0m - [91merror[0m[90m TS2339: [0mProperty 'pricing' does not exist on type 'PrismaService'.

[7m71[0m     return this.prisma.pricing.delete({
[7m  [0m [91m                       ~~~~~~~[0m

[96msrc/pricing/pricing.service.ts[0m:[93m77[0m:[93m24[0m - [91merror[0m[90m TS2339: [0mProperty 'pricing' does not exist on type 'PrismaService'.

[7m77[0m     return this.prisma.pricing.findMany({
[7m  [0m [91m                       ~~~~~~~[0m

[96msrc/pricing/pricing.service.ts[0m:[93m87[0m:[93m24[0m - [91merror[0m[90m TS2339: [0mProperty 'pricing' does not exist on type 'PrismaService'.

[7m87[0m     return this.prisma.pricing.findMany({
[7m  [0m [91m                       ~~~~~~~[0m

[96msrc/pricing/pricing.service.ts[0m:[93m101[0m:[93m40[0m - [91merror[0m[90m TS2339: [0mProperty 'activity' does not exist on type 'PrismaService'.

[7m101[0m     const activity = await this.prisma.activity.findUnique({
[7m   [0m [91m                                       ~~~~~~~~[0m

[96msrc/resources/resources.service.ts[0m:[93m13[0m:[93m9[0m - [91merror[0m[90m TS2353: [0mObject literal may only specify known properties, and 'activity' does not exist in type 'ResourceInclude<DefaultArgs>'.

[7m13[0m         activity: true
[7m  [0m [91m        ~~~~~~~~[0m

  [96mgenerated/prisma/models/Resource.ts[0m:[93m1320[0m:[93m3[0m
    [7m1320[0m   include?: Prisma.ResourceInclude<ExtArgs> | null
    [7m    [0m [96m  ~~~~~~~[0m
    The expected type comes from property 'include' which is declared here on type '{ select?: ResourceSelect<DefaultArgs>; omit?: ResourceOmit<DefaultArgs>; include?: ResourceInclude<DefaultArgs>; ... 5 more ...; distinct?: ResourceScalarFieldEnum | ResourceScalarFieldEnum[]; }'

[96msrc/resources/resources.service.ts[0m:[93m22[0m:[93m9[0m - [91merror[0m[90m TS2353: [0mObject literal may only specify known properties, and 'activity' does not exist in type 'ResourceInclude<DefaultArgs>'.

[7m22[0m         activity: true
[7m  [0m [91m        ~~~~~~~~[0m

  [96mgenerated/prisma/models/Resource.ts[0m:[93m1172[0m:[93m3[0m
    [7m1172[0m   include?: Prisma.ResourceInclude<ExtArgs> | null
    [7m    [0m [96m  ~~~~~~~[0m
    The expected type comes from property 'include' which is declared here on type '{ select?: ResourceSelect<DefaultArgs>; omit?: ResourceOmit<DefaultArgs>; include?: ResourceInclude<DefaultArgs>; where: ResourceWhereUniqueInput; }'

[96msrc/resources/resources.service.ts[0m:[93m29[0m:[93m7[0m - [91merror[0m[90m TS2322: [0mType 'CreateResourceDto' is not assignable to type '(Without<ResourceCreateInput, ResourceUncheckedCreateInput> & ResourceUncheckedCreateInput) | (Without<...> & ResourceCreateInput)'.
  Type 'CreateResourceDto' is not assignable to type 'Without<ResourceUncheckedCreateInput, ResourceCreateInput> & ResourceCreateInput'.
    Type 'CreateResourceDto' is not assignable to type 'ResourceCreateInput'.
      Types of property 'type' are incompatible.
        Type 'string' is not assignable to type 'ResourceType'.

[7m29[0m       data,
[7m  [0m [91m      ~~~~[0m

  [96mgenerated/prisma/models/Resource.ts[0m:[93m1376[0m:[93m3[0m
    [7m1376[0m   data: Prisma.XOR<Prisma.ResourceCreateInput, Prisma.ResourceUncheckedCreateInput>
    [7m    [0m [96m  ~~~~[0m
    The expected type comes from property 'data' which is declared here on type '{ select?: ResourceSelect<DefaultArgs>; omit?: ResourceOmit<DefaultArgs>; include?: ResourceInclude<DefaultArgs>; data: (Without<...> & ResourceUncheckedCreateInput) | (Without<...> & ResourceCreateInput); }'

[96msrc/resources/resources.service.ts[0m:[93m31[0m:[93m9[0m - [91merror[0m[90m TS2353: [0mObject literal may only specify known properties, and 'activity' does not exist in type 'ResourceInclude<DefaultArgs>'.

[7m31[0m         activity: true
[7m  [0m [91m        ~~~~~~~~[0m

  [96mgenerated/prisma/models/Resource.ts[0m:[93m1372[0m:[93m3[0m
    [7m1372[0m   include?: Prisma.ResourceInclude<ExtArgs> | null
    [7m    [0m [96m  ~~~~~~~[0m
    The expected type comes from property 'include' which is declared here on type '{ select?: ResourceSelect<DefaultArgs>; omit?: ResourceOmit<DefaultArgs>; include?: ResourceInclude<DefaultArgs>; data: (Without<...> & ResourceUncheckedCreateInput) | (Without<...> & ResourceCreateInput); }'

[96msrc/resources/resources.service.ts[0m:[93m39[0m:[93m7[0m - [91merror[0m[90m TS2322: [0mType 'UpdateResourceDto' is not assignable to type '(Without<ResourceUpdateInput, ResourceUncheckedUpdateInput> & ResourceUncheckedUpdateInput) | (Without<...> & ResourceUpdateInput)'.
  Type 'UpdateResourceDto' is not assignable to type 'Without<ResourceUncheckedUpdateInput, ResourceUpdateInput> & ResourceUpdateInput'.
    Types of property 'type' are incompatible.
      Type 'string' is not assignable to type 'ResourceType | EnumResourceTypeFieldUpdateOperationsInput'.

[7m39[0m       data,
[7m  [0m [91m      ~~~~[0m

  [96mgenerated/prisma/models/Resource.ts[0m:[93m1428[0m:[93m3[0m
    [7m1428[0m   data: Prisma.XOR<Prisma.ResourceUpdateInput, Prisma.ResourceUncheckedUpdateInput>
    [7m    [0m [96m  ~~~~[0m
    The expected type comes from property 'data' which is declared here on type '{ select?: ResourceSelect<DefaultArgs>; omit?: ResourceOmit<DefaultArgs>; include?: ResourceInclude<DefaultArgs>; data: (Without<...> & ResourceUncheckedUpdateInput) | (Without<...> & ResourceUpdateInput); where: ResourceWhereUniqueInput; }'

[96msrc/resources/resources.service.ts[0m:[93m41[0m:[93m9[0m - [91merror[0m[90m TS2353: [0mObject literal may only specify known properties, and 'activity' does not exist in type 'ResourceInclude<DefaultArgs>'.

[7m41[0m         activity: true
[7m  [0m [91m        ~~~~~~~~[0m

  [96mgenerated/prisma/models/Resource.ts[0m:[93m1424[0m:[93m3[0m
    [7m1424[0m   include?: Prisma.ResourceInclude<ExtArgs> | null
    [7m    [0m [96m  ~~~~~~~[0m
    The expected type comes from property 'include' which is declared here on type '{ select?: ResourceSelect<DefaultArgs>; omit?: ResourceOmit<DefaultArgs>; include?: ResourceInclude<DefaultArgs>; data: (Without<...> & ResourceUncheckedUpdateInput) | (Without<...> & ResourceUpdateInput); where: ResourceWhereUniqueInput; }'

[96msrc/resources/resources.service.ts[0m:[93m56[0m:[93m9[0m - [91merror[0m[90m TS2353: [0mObject literal may only specify known properties, and 'activityId' does not exist in type 'ResourceWhereInput'.

[7m56[0m         activityId,
[7m  [0m [91m        ~~~~~~~~~~[0m

  [96mgenerated/prisma/models/Resource.ts[0m:[93m1324[0m:[93m3[0m
    [7m1324[0m   where?: Prisma.ResourceWhereInput
    [7m    [0m [96m  ~~~~~[0m
    The expected type comes from property 'where' which is declared here on type '{ select?: ResourceSelect<DefaultArgs>; omit?: ResourceOmit<DefaultArgs>; include?: ResourceInclude<DefaultArgs>; ... 5 more ...; distinct?: ResourceScalarFieldEnum | ResourceScalarFieldEnum[]; }'

[96msrc/resources/resources.service.ts[0m:[93m60[0m:[93m9[0m - [91merror[0m[90m TS2353: [0mObject literal may only specify known properties, and 'activity' does not exist in type 'ResourceInclude<DefaultArgs>'.

[7m60[0m         activity: true
[7m  [0m [91m        ~~~~~~~~[0m

  [96mgenerated/prisma/models/Resource.ts[0m:[93m1320[0m:[93m3[0m
    [7m1320[0m   include?: Prisma.ResourceInclude<ExtArgs> | null
    [7m    [0m [96m  ~~~~~~~[0m
    The expected type comes from property 'include' which is declared here on type '{ select?: ResourceSelect<DefaultArgs>; omit?: ResourceOmit<DefaultArgs>; include?: ResourceInclude<DefaultArgs>; ... 5 more ...; distinct?: ResourceScalarFieldEnum | ResourceScalarFieldEnum[]; }'

[96msrc/resources/resources.service.ts[0m:[93m68[0m:[93m9[0m - [91merror[0m[90m TS2322: [0mType 'string' is not assignable to type 'ResourceType | EnumResourceTypeFilter<"Resource">'.

[7m68[0m         type,
[7m  [0m [91m        ~~~~[0m

  [96mgenerated/prisma/models/Resource.ts[0m:[93m237[0m:[93m3[0m
    [7m237[0m   type?: Prisma.EnumResourceTypeFilter<"Resource"> | $Enums.ResourceType
    [7m   [0m [96m  ~~~~[0m
    The expected type comes from property 'type' which is declared here on type 'ResourceWhereInput'

[96msrc/resources/resources.service.ts[0m:[93m72[0m:[93m9[0m - [91merror[0m[90m TS2353: [0mObject literal may only specify known properties, and 'activity' does not exist in type 'ResourceInclude<DefaultArgs>'.

[7m72[0m         activity: true
[7m  [0m [91m        ~~~~~~~~[0m

  [96mgenerated/prisma/models/Resource.ts[0m:[93m1320[0m:[93m3[0m
    [7m1320[0m   include?: Prisma.ResourceInclude<ExtArgs> | null
    [7m    [0m [96m  ~~~~~~~[0m
    The expected type comes from property 'include' which is declared here on type '{ select?: ResourceSelect<DefaultArgs>; omit?: ResourceOmit<DefaultArgs>; include?: ResourceInclude<DefaultArgs>; ... 5 more ...; distinct?: ResourceScalarFieldEnum | ResourceScalarFieldEnum[]; }'

[96msrc/staff/staff.service.ts[0m:[93m47[0m:[93m9[0m - [91merror[0m[90m TS2322: [0mType '{ activities: { include: { activity: true; }; }; }' is not assignable to type 'never'.

[7m47[0m         include: {
[7m  [0m [91m        ~~~~~~~[0m

  [96msrc/staff/staff.service.ts[0m:[93m47[0m:[93m9[0m
    [7m 47[0m         include: {
    [7m   [0m [96m        ~~~~~~~~~~[0m
    [7m 48[0m           activities: {
    [7m   [0m [96m~~~~~~~~~~~~~~~~~~~~~~~[0m
    [7m...[0m 
    [7m 52[0m           },
    [7m   [0m [96m~~~~~~~~~~~~[0m
    [7m 53[0m         },
    [7m   [0m [96m~~~~~~~~~[0m
    The expected type comes from property 'include' which is declared here on type '{ where: any; skip: number; take: number; orderBy: { createdAt: "desc"; }; include: never; }'

[96msrc/staff/staff.service.ts[0m:[93m70[0m:[93m7[0m - [91merror[0m[90m TS2322: [0mType '{ activities: { include: { activity: true; }; }; }' is not assignable to type 'never'.

[7m70[0m       include: {
[7m  [0m [91m      ~~~~~~~[0m

  [96msrc/staff/staff.service.ts[0m:[93m70[0m:[93m7[0m
    [7m 70[0m       include: {
    [7m   [0m [96m      ~~~~~~~~~~[0m
    [7m 71[0m         activities: {
    [7m   [0m [96m~~~~~~~~~~~~~~~~~~~~~[0m
    [7m...[0m 
    [7m 75[0m         },
    [7m   [0m [96m~~~~~~~~~~[0m
    [7m 76[0m       },
    [7m   [0m [96m~~~~~~~[0m
    The expected type comes from property 'include' which is declared here on type '{ where: { id: string; }; include: never; }'

[96msrc/staff/staff.service.ts[0m:[93m104[0m:[93m26[0m - [91merror[0m[90m TS2322: [0mType '"CONFIRMED"' is not assignable to type 'BookingStatus'.

[7m104[0m           status: { in: ['CONFIRMED', 'PENDING'] },
[7m   [0m [91m                         ~~~~~~~~~~~[0m

[96msrc/staff/staff.service.ts[0m:[93m106[0m:[93m19[0m - [91merror[0m[90m TS2353: [0mObject literal may only specify known properties, and 'staffId' does not exist in type 'BookingSelect<DefaultArgs>'.

[7m106[0m         select: { staffId: true },
[7m   [0m [91m                  ~~~~~~~[0m

  [96mgenerated/prisma/models/Booking.ts[0m:[93m1594[0m:[93m3[0m
    [7m1594[0m   select?: Prisma.BookingSelect<ExtArgs> | null
    [7m    [0m [96m  ~~~~~~[0m
    The expected type comes from property 'select' which is declared here on type '{ select?: BookingSelect<DefaultArgs>; omit?: BookingOmit<DefaultArgs>; include?: BookingInclude<DefaultArgs>; ... 5 more ...; distinct?: BookingScalarFieldEnum | BookingScalarFieldEnum[]; }'

[96msrc/staff/staff.service.ts[0m:[93m109[0m:[93m36[0m - [91merror[0m[90m TS2339: [0mProperty 'staffId' does not exist on type '{ id: string; createdAt: Date; updatedAt: Date; quantity: number; startTime: Date; endTime: Date; notes: string; status: BookingStatus; totalPrice: number; userId: string; resourceId: string; approvedBy: string; approvedAt: Date; }'.

[7m109[0m         .filter(booking => booking.staffId)
[7m   [0m [91m                                   ~~~~~~~[0m

[96msrc/staff/staff.service.ts[0m:[93m110[0m:[93m33[0m - [91merror[0m[90m TS2339: [0mProperty 'staffId' does not exist on type '{ id: string; createdAt: Date; updatedAt: Date; quantity: number; startTime: Date; endTime: Date; notes: string; status: BookingStatus; totalPrice: number; userId: string; resourceId: string; approvedBy: string; approvedAt: Date; }'.

[7m110[0m         .map(booking => booking.staffId)
[7m   [0m [91m                                ~~~~~~~[0m

[96msrc/staff/staff.service.ts[0m:[93m128[0m:[93m7[0m - [91merror[0m[90m TS2322: [0mType '{ activities: { include: { activity: true; }; }; }' is not assignable to type 'never'.

[7m128[0m       include: {
[7m   [0m [91m      ~~~~~~~[0m

  [96msrc/staff/staff.service.ts[0m:[93m128[0m:[93m7[0m
    [7m128[0m       include: {
    [7m   [0m [96m      ~~~~~~~~~~[0m
    [7m129[0m         activities: {
    [7m   [0m [96m~~~~~~~~~~~~~~~~~~~~~[0m
    [7m...[0m 
    [7m133[0m         },
    [7m   [0m [96m~~~~~~~~~~[0m
    [7m134[0m       },
    [7m   [0m [96m~~~~~~~[0m
    The expected type comes from property 'include' which is declared here on type '{ where: any; include: never; }'

[96msrc/staff/staff.service.ts[0m:[93m139[0m:[93m24[0m - [91merror[0m[90m TS2339: [0mProperty 'staffActivity' does not exist on type 'PrismaService'.

[7m139[0m     return this.prisma.staffActivity.create({
[7m   [0m [91m                       ~~~~~~~~~~~~~[0m

[96msrc/staff/staff.service.ts[0m:[93m149[0m:[93m24[0m - [91merror[0m[90m TS2339: [0mProperty 'staffActivity' does not exist on type 'PrismaService'.

[7m149[0m     return this.prisma.staffActivity.deleteMany({
[7m   [0m [91m                       ~~~~~~~~~~~~~[0m

[96msrc/staff/staff.service.ts[0m:[93m158[0m:[93m24[0m - [91merror[0m[90m TS2339: [0mProperty 'staffActivity' does not exist on type 'PrismaService'.

[7m158[0m     return this.prisma.staffActivity.findMany({
[7m   [0m [91m                       ~~~~~~~~~~~~~[0m

[[90m3:14:57 PM[0m] Found 57 errors. Watching for file changes.

[2J[3J[H[[90m3:17:00 PM[0m] File change detected. Starting incremental compilation...

[96msrc/activities/activities.service.ts[0m:[93m10[0m:[93m24[0m - [91merror[0m[90m TS2339: [0mProperty 'activity' does not exist on type 'PrismaService'.

[7m10[0m     return this.prisma.activity.findMany({
[7m  [0m [91m                       ~~~~~~~~[0m

[96msrc/activities/activities.service.ts[0m:[93m24[0m:[93m24[0m - [91merror[0m[90m TS2339: [0mProperty 'activity' does not exist on type 'PrismaService'.

[7m24[0m     return this.prisma.activity.findUnique({
[7m  [0m [91m                       ~~~~~~~~[0m

[96msrc/activities/activities.service.ts[0m:[93m34[0m:[93m24[0m - [91merror[0m[90m TS2339: [0mProperty 'activity' does not exist on type 'PrismaService'.

[7m34[0m     return this.prisma.activity.create({
[7m  [0m [91m                       ~~~~~~~~[0m

[96msrc/activities/activities.service.ts[0m:[93m43[0m:[93m24[0m - [91merror[0m[90m TS2339: [0mProperty 'activity' does not exist on type 'PrismaService'.

[7m43[0m     return this.prisma.activity.update({
[7m  [0m [91m                       ~~~~~~~~[0m

[96msrc/activities/activities.service.ts[0m:[93m53[0m:[93m24[0m - [91merror[0m[90m TS2339: [0mProperty 'activity' does not exist on type 'PrismaService'.

[7m53[0m     return this.prisma.activity.update({
[7m  [0m [91m                       ~~~~~~~~[0m

[96msrc/activities/activities.service.ts[0m:[93m60[0m:[93m24[0m - [91merror[0m[90m TS2339: [0mProperty 'activity' does not exist on type 'PrismaService'.

[7m60[0m     return this.prisma.activity.findMany({
[7m  [0m [91m                       ~~~~~~~~[0m

[96msrc/activities/activities.service.ts[0m:[93m69[0m:[93m24[0m - [91merror[0m[90m TS2339: [0mProperty 'activity' does not exist on type 'PrismaService'.

[7m69[0m     return this.prisma.activity.findMany({
[7m  [0m [91m                       ~~~~~~~~[0m

[96msrc/admin/admin-bookings.controller.ts[0m:[93m120[0m:[93m15[0m - [91merror[0m[90m TS2551: [0mProperty 'activityId' does not exist on type '{ user: { email: string; password: string; name: string; role: Role; id: string; createdAt: Date; updatedAt: Date; }; staff: never; activity: never; resources: never; } & { id: string; ... 11 more ...; approvedAt: Date; }'. Did you mean 'activity'?

[7m120[0m       booking.activityId,
[7m   [0m [91m              ~~~~~~~~~~[0m

[96msrc/bookings/bookings.service.ts[0m:[93m83[0m:[93m40[0m - [91merror[0m[90m TS2339: [0mProperty 'activity' does not exist on type 'PrismaService'.

[7m83[0m     const activity = await this.prisma.activity.findUnique({
[7m  [0m [91m                                       ~~~~~~~~[0m

[96msrc/bookings/bookings.service.ts[0m:[93m150[0m:[93m9[0m - [91merror[0m[90m TS2353: [0mObject literal may only specify known properties, and 'activityId' does not exist in type '(Without<BookingCreateInput, BookingUncheckedCreateInput> & BookingUncheckedCreateInput) | (Without<...> & BookingCreateInput)'.

[7m150[0m         activityId: data.activityId,
[7m   [0m [91m        ~~~~~~~~~~[0m

  [96mgenerated/prisma/models/Booking.ts[0m:[93m1658[0m:[93m3[0m
    [7m1658[0m   data: Prisma.XOR<Prisma.BookingCreateInput, Prisma.BookingUncheckedCreateInput>
    [7m    [0m [96m  ~~~~[0m
    The expected type comes from property 'data' which is declared here on type '{ select?: BookingSelect<DefaultArgs>; omit?: BookingOmit<DefaultArgs>; include?: BookingInclude<DefaultArgs>; data: (Without<...> & BookingUncheckedCreateInput) | (Without<...> & BookingCreateInput); }'

[96msrc/bookings/bookings.service.ts[0m:[93m164[0m:[93m9[0m - [91merror[0m[90m TS2353: [0mObject literal may only specify known properties, and 'activity' does not exist in type 'BookingInclude<DefaultArgs>'.

[7m164[0m         activity: true,
[7m   [0m [91m        ~~~~~~~~[0m

  [96mgenerated/prisma/models/Booking.ts[0m:[93m1654[0m:[93m3[0m
    [7m1654[0m   include?: Prisma.BookingInclude<ExtArgs> | null
    [7m    [0m [96m  ~~~~~~~[0m
    The expected type comes from property 'include' which is declared here on type '{ select?: BookingSelect<DefaultArgs>; omit?: BookingOmit<DefaultArgs>; include?: BookingInclude<DefaultArgs>; data: (Without<...> & BookingUncheckedCreateInput) | (Without<...> & BookingCreateInput); }'

[96msrc/bookings/bookings.service.ts[0m:[93m177[0m:[93m25[0m - [91merror[0m[90m TS2339: [0mProperty 'bookingResource' does not exist on type 'PrismaService'.

[7m177[0m       await this.prisma.bookingResource.createMany({
[7m   [0m [91m                        ~~~~~~~~~~~~~~~[0m

[96msrc/bookings/bookings.service.ts[0m:[93m195[0m:[93m25[0m - [91merror[0m[90m TS2551: [0mProperty 'activityId' does not exist on type '{ user: { email: string; password: string; name: string; role: Role; id: string; createdAt: Date; updatedAt: Date; }; staff: never; activity: never; resources: never; } & { id: string; ... 11 more ...; approvedAt: Date; }'. Did you mean 'activity'?

[7m195[0m         existingBooking.activityId,
[7m   [0m [91m                        ~~~~~~~~~~[0m

[96msrc/bookings/bookings.service.ts[0m:[93m198[0m:[93m25[0m - [91merror[0m[90m TS2551: [0mProperty 'resourceUnits' does not exist on type '{ user: { email: string; password: string; name: string; role: Role; id: string; createdAt: Date; updatedAt: Date; }; staff: never; activity: never; resources: never; } & { id: string; ... 11 more ...; approvedAt: Date; }'. Did you mean 'resources'?

[7m198[0m         existingBooking.resourceUnits,
[7m   [0m [91m                        ~~~~~~~~~~~~~[0m

[96msrc/bookings/bookings.service.ts[0m:[93m230[0m:[93m9[0m - [91merror[0m[90m TS2353: [0mObject literal may only specify known properties, and 'activity' does not exist in type 'BookingInclude<DefaultArgs>'.

[7m230[0m         activity: true,
[7m   [0m [91m        ~~~~~~~~[0m

  [96mgenerated/prisma/models/Booking.ts[0m:[93m1602[0m:[93m3[0m
    [7m1602[0m   include?: Prisma.BookingInclude<ExtArgs> | null
    [7m    [0m [96m  ~~~~~~~[0m
    The expected type comes from property 'include' which is declared here on type '{ select?: BookingSelect<DefaultArgs>; omit?: BookingOmit<DefaultArgs>; include?: BookingInclude<DefaultArgs>; ... 5 more ...; distinct?: BookingScalarFieldEnum | BookingScalarFieldEnum[]; }'

[96msrc/bookings/bookings.service.ts[0m:[93m246[0m:[93m16[0m - [91merror[0m[90m TS2353: [0mObject literal may only specify known properties, and 'activityId' does not exist in type 'BookingWhereInput'.

[7m246[0m       where: { activityId },
[7m   [0m [91m               ~~~~~~~~~~[0m

  [96mgenerated/prisma/models/Booking.ts[0m:[93m1606[0m:[93m3[0m
    [7m1606[0m   where?: Prisma.BookingWhereInput
    [7m    [0m [96m  ~~~~~[0m
    The expected type comes from property 'where' which is declared here on type '{ select?: BookingSelect<DefaultArgs>; omit?: BookingOmit<DefaultArgs>; include?: BookingInclude<DefaultArgs>; ... 5 more ...; distinct?: BookingScalarFieldEnum | BookingScalarFieldEnum[]; }'

[96msrc/bookings/bookings.service.ts[0m:[93m251[0m:[93m9[0m - [91merror[0m[90m TS2353: [0mObject literal may only specify known properties, and 'staff' does not exist in type 'BookingInclude<DefaultArgs>'.

[7m251[0m         staff: true,
[7m   [0m [91m        ~~~~~[0m

  [96mgenerated/prisma/models/Booking.ts[0m:[93m1602[0m:[93m3[0m
    [7m1602[0m   include?: Prisma.BookingInclude<ExtArgs> | null
    [7m    [0m [96m  ~~~~~~~[0m
    The expected type comes from property 'include' which is declared here on type '{ select?: BookingSelect<DefaultArgs>; omit?: BookingOmit<DefaultArgs>; include?: BookingInclude<DefaultArgs>; ... 5 more ...; distinct?: BookingScalarFieldEnum | BookingScalarFieldEnum[]; }'

[96msrc/bookings/bookings.service.ts[0m:[93m281[0m:[93m35[0m - [91merror[0m[90m TS2322: [0mType '"CONFIRMED"' is not assignable to type 'BookingStatus'.

[7m281[0m         status: { in: ['PENDING', 'CONFIRMED'] }
[7m   [0m [91m                                  ~~~~~~~~~~~[0m

[96msrc/bookings/bookings.service.ts[0m:[93m287[0m:[93m9[0m - [91merror[0m[90m TS2353: [0mObject literal may only specify known properties, and 'activity' does not exist in type 'BookingInclude<DefaultArgs>'.

[7m287[0m         activity: true,
[7m   [0m [91m        ~~~~~~~~[0m

  [96mgenerated/prisma/models/Booking.ts[0m:[93m1602[0m:[93m3[0m
    [7m1602[0m   include?: Prisma.BookingInclude<ExtArgs> | null
    [7m    [0m [96m  ~~~~~~~[0m
    The expected type comes from property 'include' which is declared here on type '{ select?: BookingSelect<DefaultArgs>; omit?: BookingOmit<DefaultArgs>; include?: BookingInclude<DefaultArgs>; ... 5 more ...; distinct?: BookingScalarFieldEnum | BookingScalarFieldEnum[]; }'

[96msrc/bookings/bookings.service.ts[0m:[93m300[0m:[93m9[0m - [91merror[0m[90m TS2322: [0mType '"CONFIRMED"' is not assignable to type 'BookingStatus | EnumBookingStatusFieldUpdateOperationsInput'.

[7m300[0m         status: 'CONFIRMED',
[7m   [0m [91m        ~~~~~~[0m

  [96mgenerated/prisma/models/Booking.ts[0m:[93m425[0m:[93m3[0m
    [7m425[0m   status?: Prisma.EnumBookingStatusFieldUpdateOperationsInput | $Enums.BookingStatus
    [7m   [0m [96m  ~~~~~~[0m
    The expected type comes from property 'status' which is declared here on type '(Without<BookingUpdateInput, BookingUncheckedUpdateInput> & BookingUncheckedUpdateInput) | (Without<...> & BookingUpdateInput)'

[96msrc/bookings/bookings.service.ts[0m:[93m306[0m:[93m9[0m - [91merror[0m[90m TS2353: [0mObject literal may only specify known properties, and 'activity' does not exist in type 'BookingInclude<DefaultArgs>'.

[7m306[0m         activity: true,
[7m   [0m [91m        ~~~~~~~~[0m

  [96mgenerated/prisma/models/Booking.ts[0m:[93m1710[0m:[93m3[0m
    [7m1710[0m   include?: Prisma.BookingInclude<ExtArgs> | null
    [7m    [0m [96m  ~~~~~~~[0m
    The expected type comes from property 'include' which is declared here on type '{ select?: BookingSelect<DefaultArgs>; omit?: BookingOmit<DefaultArgs>; include?: BookingInclude<DefaultArgs>; data: (Without<...> & BookingUncheckedUpdateInput) | (Without<...> & BookingUpdateInput); where: BookingWhereUniqueInput; }'

[96msrc/bookings/bookings.service.ts[0m:[93m333[0m:[93m40[0m - [91merror[0m[90m TS2339: [0mProperty 'activity' does not exist on type 'PrismaService'.

[7m333[0m     const activity = await this.prisma.activity.findUnique({
[7m   [0m [91m                                       ~~~~~~~~[0m

[96msrc/bookings/bookings.service.ts[0m:[93m375[0m:[93m40[0m - [91merror[0m[90m TS2339: [0mProperty 'activity' does not exist on type 'PrismaService'.

[7m375[0m     const activity = await this.prisma.activity.findUnique({
[7m   [0m [91m                                       ~~~~~~~~[0m

[96msrc/bookings/bookings.service.ts[0m:[93m432[0m:[93m9[0m - [91merror[0m[90m TS2561: [0mObject literal may only specify known properties, but 'resources' does not exist in type 'BookingInclude<DefaultArgs>'. Did you mean to write 'resource'?

[7m432[0m         resources: {
[7m   [0m [91m        ~~~~~~~~~[0m

  [96mgenerated/prisma/models/Booking.ts[0m:[93m1602[0m:[93m3[0m
    [7m1602[0m   include?: Prisma.BookingInclude<ExtArgs> | null
    [7m    [0m [96m  ~~~~~~~[0m
    The expected type comes from property 'include' which is declared here on type '{ select?: BookingSelect<DefaultArgs>; omit?: BookingOmit<DefaultArgs>; include?: BookingInclude<DefaultArgs>; ... 5 more ...; distinct?: BookingScalarFieldEnum | BookingScalarFieldEnum[]; }'

[96msrc/bookings/bookings.service.ts[0m:[93m439[0m:[93m39[0m - [91merror[0m[90m TS2551: [0mProperty 'resources' does not exist on type '{ id: string; createdAt: Date; updatedAt: Date; quantity: number; startTime: Date; endTime: Date; notes: string; status: BookingStatus; totalPrice: number; userId: string; resourceId: string; approvedBy: string; approvedAt: Date; }'. Did you mean 'resourceId'?

[7m439[0m       const bookingResource = booking.resources.find(r => r.resourceId === resourceId);
[7m   [0m [91m                                      ~~~~~~~~~[0m

[96msrc/bookings/bookings.service.ts[0m:[93m454[0m:[93m35[0m - [91merror[0m[90m TS2322: [0mType '"CONFIRMED"' is not assignable to type 'BookingStatus'.

[7m454[0m         status: { in: ['PENDING', 'CONFIRMED'] }
[7m   [0m [91m                                  ~~~~~~~~~~~[0m

[96msrc/bookings/bookings.service.ts[0m:[93m478[0m:[93m7[0m - [91merror[0m[90m TS2322: [0mType '{ activities: { include: { activity: true; }; }; }' is not assignable to type 'never'.

[7m478[0m       include: {
[7m   [0m [91m      ~~~~~~~[0m

  [96msrc/bookings/bookings.service.ts[0m:[93m478[0m:[93m7[0m
    [7m478[0m       include: {
    [7m   [0m [96m      ~~~~~~~~~~[0m
    [7m479[0m         activities: {
    [7m   [0m [96m~~~~~~~~~~~~~~~~~~~~~[0m
    [7m...[0m 
    [7m483[0m         }
    [7m   [0m [96m~~~~~~~~~[0m
    [7m484[0m       }
    [7m   [0m [96m~~~~~~~[0m
    The expected type comes from property 'include' which is declared here on type '{ where: any; include: never; }'

[96msrc/bookings/bookings.service.ts[0m:[93m490[0m:[93m40[0m - [91merror[0m[90m TS2339: [0mProperty 'activity' does not exist on type 'PrismaService'.

[7m490[0m     const activity = await this.prisma.activity.findUnique({
[7m   [0m [91m                                       ~~~~~~~~[0m

[96msrc/pricing/pricing.service.ts[0m:[93m10[0m:[93m24[0m - [91merror[0m[90m TS2339: [0mProperty 'pricing' does not exist on type 'PrismaService'.

[7m10[0m     return this.prisma.pricing.create({
[7m  [0m [91m                       ~~~~~~~[0m

[96msrc/pricing/pricing.service.ts[0m:[93m30[0m:[93m19[0m - [91merror[0m[90m TS2339: [0mProperty 'pricing' does not exist on type 'PrismaService'.

[7m30[0m       this.prisma.pricing.findMany({
[7m  [0m [91m                  ~~~~~~~[0m

[96msrc/pricing/pricing.service.ts[0m:[93m39[0m:[93m19[0m - [91merror[0m[90m TS2339: [0mProperty 'pricing' does not exist on type 'PrismaService'.

[7m39[0m       this.prisma.pricing.count({ where }),
[7m  [0m [91m                  ~~~~~~~[0m

[96msrc/pricing/pricing.service.ts[0m:[93m52[0m:[93m24[0m - [91merror[0m[90m TS2339: [0mProperty 'pricing' does not exist on type 'PrismaService'.

[7m52[0m     return this.prisma.pricing.findUnique({
[7m  [0m [91m                       ~~~~~~~[0m

[96msrc/pricing/pricing.service.ts[0m:[93m61[0m:[93m24[0m - [91merror[0m[90m TS2339: [0mProperty 'pricing' does not exist on type 'PrismaService'.

[7m61[0m     return this.prisma.pricing.update({
[7m  [0m [91m                       ~~~~~~~[0m

[96msrc/pricing/pricing.service.ts[0m:[93m71[0m:[93m24[0m - [91merror[0m[90m TS2339: [0mProperty 'pricing' does not exist on type 'PrismaService'.

[7m71[0m     return this.prisma.pricing.delete({
[7m  [0m [91m                       ~~~~~~~[0m

[96msrc/pricing/pricing.service.ts[0m:[93m77[0m:[93m24[0m - [91merror[0m[90m TS2339: [0mProperty 'pricing' does not exist on type 'PrismaService'.

[7m77[0m     return this.prisma.pricing.findMany({
[7m  [0m [91m                       ~~~~~~~[0m

[96msrc/pricing/pricing.service.ts[0m:[93m87[0m:[93m24[0m - [91merror[0m[90m TS2339: [0mProperty 'pricing' does not exist on type 'PrismaService'.

[7m87[0m     return this.prisma.pricing.findMany({
[7m  [0m [91m                       ~~~~~~~[0m

[96msrc/pricing/pricing.service.ts[0m:[93m101[0m:[93m40[0m - [91merror[0m[90m TS2339: [0mProperty 'activity' does not exist on type 'PrismaService'.

[7m101[0m     const activity = await this.prisma.activity.findUnique({
[7m   [0m [91m                                       ~~~~~~~~[0m

[96msrc/resources/resources.service.ts[0m:[93m13[0m:[93m9[0m - [91merror[0m[90m TS2353: [0mObject literal may only specify known properties, and 'activity' does not exist in type 'ResourceInclude<DefaultArgs>'.

[7m13[0m         activity: true
[7m  [0m [91m        ~~~~~~~~[0m

  [96mgenerated/prisma/models/Resource.ts[0m:[93m1320[0m:[93m3[0m
    [7m1320[0m   include?: Prisma.ResourceInclude<ExtArgs> | null
    [7m    [0m [96m  ~~~~~~~[0m
    The expected type comes from property 'include' which is declared here on type '{ select?: ResourceSelect<DefaultArgs>; omit?: ResourceOmit<DefaultArgs>; include?: ResourceInclude<DefaultArgs>; ... 5 more ...; distinct?: ResourceScalarFieldEnum | ResourceScalarFieldEnum[]; }'

[96msrc/resources/resources.service.ts[0m:[93m22[0m:[93m9[0m - [91merror[0m[90m TS2353: [0mObject literal may only specify known properties, and 'activity' does not exist in type 'ResourceInclude<DefaultArgs>'.

[7m22[0m         activity: true
[7m  [0m [91m        ~~~~~~~~[0m

  [96mgenerated/prisma/models/Resource.ts[0m:[93m1172[0m:[93m3[0m
    [7m1172[0m   include?: Prisma.ResourceInclude<ExtArgs> | null
    [7m    [0m [96m  ~~~~~~~[0m
    The expected type comes from property 'include' which is declared here on type '{ select?: ResourceSelect<DefaultArgs>; omit?: ResourceOmit<DefaultArgs>; include?: ResourceInclude<DefaultArgs>; where: ResourceWhereUniqueInput; }'

[96msrc/resources/resources.service.ts[0m:[93m31[0m:[93m9[0m - [91merror[0m[90m TS2353: [0mObject literal may only specify known properties, and 'activity' does not exist in type 'ResourceInclude<DefaultArgs>'.

[7m31[0m         activity: true
[7m  [0m [91m        ~~~~~~~~[0m

  [96mgenerated/prisma/models/Resource.ts[0m:[93m1372[0m:[93m3[0m
    [7m1372[0m   include?: Prisma.ResourceInclude<ExtArgs> | null
    [7m    [0m [96m  ~~~~~~~[0m
    The expected type comes from property 'include' which is declared here on type '{ select?: ResourceSelect<DefaultArgs>; omit?: ResourceOmit<DefaultArgs>; include?: ResourceInclude<DefaultArgs>; data: (Without<...> & ResourceUncheckedCreateInput) | (Without<...> & ResourceCreateInput); }'

[96msrc/resources/resources.service.ts[0m:[93m41[0m:[93m9[0m - [91merror[0m[90m TS2353: [0mObject literal may only specify known properties, and 'activity' does not exist in type 'ResourceInclude<DefaultArgs>'.

[7m41[0m         activity: true
[7m  [0m [91m        ~~~~~~~~[0m

  [96mgenerated/prisma/models/Resource.ts[0m:[93m1424[0m:[93m3[0m
    [7m1424[0m   include?: Prisma.ResourceInclude<ExtArgs> | null
    [7m    [0m [96m  ~~~~~~~[0m
    The expected type comes from property 'include' which is declared here on type '{ select?: ResourceSelect<DefaultArgs>; omit?: ResourceOmit<DefaultArgs>; include?: ResourceInclude<DefaultArgs>; data: (Without<...> & ResourceUncheckedUpdateInput) | (Without<...> & ResourceUpdateInput); where: ResourceWhereUniqueInput; }'

[96msrc/resources/resources.service.ts[0m:[93m56[0m:[93m9[0m - [91merror[0m[90m TS2353: [0mObject literal may only specify known properties, and 'activityId' does not exist in type 'ResourceWhereInput'.

[7m56[0m         activityId,
[7m  [0m [91m        ~~~~~~~~~~[0m

  [96mgenerated/prisma/models/Resource.ts[0m:[93m1324[0m:[93m3[0m
    [7m1324[0m   where?: Prisma.ResourceWhereInput
    [7m    [0m [96m  ~~~~~[0m
    The expected type comes from property 'where' which is declared here on type '{ select?: ResourceSelect<DefaultArgs>; omit?: ResourceOmit<DefaultArgs>; include?: ResourceInclude<DefaultArgs>; ... 5 more ...; distinct?: ResourceScalarFieldEnum | ResourceScalarFieldEnum[]; }'

[96msrc/resources/resources.service.ts[0m:[93m60[0m:[93m9[0m - [91merror[0m[90m TS2353: [0mObject literal may only specify known properties, and 'activity' does not exist in type 'ResourceInclude<DefaultArgs>'.

[7m60[0m         activity: true
[7m  [0m [91m        ~~~~~~~~[0m

  [96mgenerated/prisma/models/Resource.ts[0m:[93m1320[0m:[93m3[0m
    [7m1320[0m   include?: Prisma.ResourceInclude<ExtArgs> | null
    [7m    [0m [96m  ~~~~~~~[0m
    The expected type comes from property 'include' which is declared here on type '{ select?: ResourceSelect<DefaultArgs>; omit?: ResourceOmit<DefaultArgs>; include?: ResourceInclude<DefaultArgs>; ... 5 more ...; distinct?: ResourceScalarFieldEnum | ResourceScalarFieldEnum[]; }'

[96msrc/resources/resources.service.ts[0m:[93m68[0m:[93m9[0m - [91merror[0m[90m TS2322: [0mType 'string' is not assignable to type 'ResourceType | EnumResourceTypeFilter<"Resource">'.

[7m68[0m         type,
[7m  [0m [91m        ~~~~[0m

  [96mgenerated/prisma/models/Resource.ts[0m:[93m237[0m:[93m3[0m
    [7m237[0m   type?: Prisma.EnumResourceTypeFilter<"Resource"> | $Enums.ResourceType
    [7m   [0m [96m  ~~~~[0m
    The expected type comes from property 'type' which is declared here on type 'ResourceWhereInput'

[96msrc/resources/resources.service.ts[0m:[93m72[0m:[93m9[0m - [91merror[0m[90m TS2353: [0mObject literal may only specify known properties, and 'activity' does not exist in type 'ResourceInclude<DefaultArgs>'.

[7m72[0m         activity: true
[7m  [0m [91m        ~~~~~~~~[0m

  [96mgenerated/prisma/models/Resource.ts[0m:[93m1320[0m:[93m3[0m
    [7m1320[0m   include?: Prisma.ResourceInclude<ExtArgs> | null
    [7m    [0m [96m  ~~~~~~~[0m
    The expected type comes from property 'include' which is declared here on type '{ select?: ResourceSelect<DefaultArgs>; omit?: ResourceOmit<DefaultArgs>; include?: ResourceInclude<DefaultArgs>; ... 5 more ...; distinct?: ResourceScalarFieldEnum | ResourceScalarFieldEnum[]; }'

[96msrc/staff/staff.service.ts[0m:[93m47[0m:[93m9[0m - [91merror[0m[90m TS2322: [0mType '{ activities: { include: { activity: true; }; }; }' is not assignable to type 'never'.

[7m47[0m         include: {
[7m  [0m [91m        ~~~~~~~[0m

  [96msrc/staff/staff.service.ts[0m:[93m47[0m:[93m9[0m
    [7m 47[0m         include: {
    [7m   [0m [96m        ~~~~~~~~~~[0m
    [7m 48[0m           activities: {
    [7m   [0m [96m~~~~~~~~~~~~~~~~~~~~~~~[0m
    [7m...[0m 
    [7m 52[0m           },
    [7m   [0m [96m~~~~~~~~~~~~[0m
    [7m 53[0m         },
    [7m   [0m [96m~~~~~~~~~[0m
    The expected type comes from property 'include' which is declared here on type '{ where: any; skip: number; take: number; orderBy: { createdAt: "desc"; }; include: never; }'

[96msrc/staff/staff.service.ts[0m:[93m70[0m:[93m7[0m - [91merror[0m[90m TS2322: [0mType '{ activities: { include: { activity: true; }; }; }' is not assignable to type 'never'.

[7m70[0m       include: {
[7m  [0m [91m      ~~~~~~~[0m

  [96msrc/staff/staff.service.ts[0m:[93m70[0m:[93m7[0m
    [7m 70[0m       include: {
    [7m   [0m [96m      ~~~~~~~~~~[0m
    [7m 71[0m         activities: {
    [7m   [0m [96m~~~~~~~~~~~~~~~~~~~~~[0m
    [7m...[0m 
    [7m 75[0m         },
    [7m   [0m [96m~~~~~~~~~~[0m
    [7m 76[0m       },
    [7m   [0m [96m~~~~~~~[0m
    The expected type comes from property 'include' which is declared here on type '{ where: { id: string; }; include: never; }'

[96msrc/staff/staff.service.ts[0m:[93m104[0m:[93m26[0m - [91merror[0m[90m TS2322: [0mType '"CONFIRMED"' is not assignable to type 'BookingStatus'.

[7m104[0m           status: { in: ['CONFIRMED', 'PENDING'] },
[7m   [0m [91m                         ~~~~~~~~~~~[0m

[96msrc/staff/staff.service.ts[0m:[93m106[0m:[93m19[0m - [91merror[0m[90m TS2353: [0mObject literal may only specify known properties, and 'staffId' does not exist in type 'BookingSelect<DefaultArgs>'.

[7m106[0m         select: { staffId: true },
[7m   [0m [91m                  ~~~~~~~[0m

  [96mgenerated/prisma/models/Booking.ts[0m:[93m1594[0m:[93m3[0m
    [7m1594[0m   select?: Prisma.BookingSelect<ExtArgs> | null
    [7m    [0m [96m  ~~~~~~[0m
    The expected type comes from property 'select' which is declared here on type '{ select?: BookingSelect<DefaultArgs>; omit?: BookingOmit<DefaultArgs>; include?: BookingInclude<DefaultArgs>; ... 5 more ...; distinct?: BookingScalarFieldEnum | BookingScalarFieldEnum[]; }'

[96msrc/staff/staff.service.ts[0m:[93m109[0m:[93m36[0m - [91merror[0m[90m TS2339: [0mProperty 'staffId' does not exist on type '{ id: string; createdAt: Date; updatedAt: Date; quantity: number; startTime: Date; endTime: Date; notes: string; status: BookingStatus; totalPrice: number; userId: string; resourceId: string; approvedBy: string; approvedAt: Date; }'.

[7m109[0m         .filter(booking => booking.staffId)
[7m   [0m [91m                                   ~~~~~~~[0m

[96msrc/staff/staff.service.ts[0m:[93m110[0m:[93m33[0m - [91merror[0m[90m TS2339: [0mProperty 'staffId' does not exist on type '{ id: string; createdAt: Date; updatedAt: Date; quantity: number; startTime: Date; endTime: Date; notes: string; status: BookingStatus; totalPrice: number; userId: string; resourceId: string; approvedBy: string; approvedAt: Date; }'.

[7m110[0m         .map(booking => booking.staffId)
[7m   [0m [91m                                ~~~~~~~[0m

[96msrc/staff/staff.service.ts[0m:[93m128[0m:[93m7[0m - [91merror[0m[90m TS2322: [0mType '{ activities: { include: { activity: true; }; }; }' is not assignable to type 'never'.

[7m128[0m       include: {
[7m   [0m [91m      ~~~~~~~[0m

  [96msrc/staff/staff.service.ts[0m:[93m128[0m:[93m7[0m
    [7m128[0m       include: {
    [7m   [0m [96m      ~~~~~~~~~~[0m
    [7m129[0m         activities: {
    [7m   [0m [96m~~~~~~~~~~~~~~~~~~~~~[0m
    [7m...[0m 
    [7m133[0m         },
    [7m   [0m [96m~~~~~~~~~~[0m
    [7m134[0m       },
    [7m   [0m [96m~~~~~~~[0m
    The expected type comes from property 'include' which is declared here on type '{ where: any; include: never; }'

[96msrc/staff/staff.service.ts[0m:[93m139[0m:[93m24[0m - [91merror[0m[90m TS2339: [0mProperty 'staffActivity' does not exist on type 'PrismaService'.

[7m139[0m     return this.prisma.staffActivity.create({
[7m   [0m [91m                       ~~~~~~~~~~~~~[0m

[96msrc/staff/staff.service.ts[0m:[93m149[0m:[93m24[0m - [91merror[0m[90m TS2339: [0mProperty 'staffActivity' does not exist on type 'PrismaService'.

[7m149[0m     return this.prisma.staffActivity.deleteMany({
[7m   [0m [91m                       ~~~~~~~~~~~~~[0m

[96msrc/staff/staff.service.ts[0m:[93m158[0m:[93m24[0m - [91merror[0m[90m TS2339: [0mProperty 'staffActivity' does not exist on type 'PrismaService'.

[7m158[0m     return this.prisma.staffActivity.findMany({
[7m   [0m [91m                       ~~~~~~~~~~~~~[0m

[[90m3:17:01 PM[0m] Found 55 errors. Watching for file changes.

[2J[3J[H[[90m3:17:09 PM[0m] File change detected. Starting incremental compilation...

[96msrc/activities/activities.service.ts[0m:[93m10[0m:[93m24[0m - [91merror[0m[90m TS2339: [0mProperty 'activity' does not exist on type 'PrismaService'.

[7m10[0m     return this.prisma.activity.findMany({
[7m  [0m [91m                       ~~~~~~~~[0m

[96msrc/activities/activities.service.ts[0m:[93m24[0m:[93m24[0m - [91merror[0m[90m TS2339: [0mProperty 'activity' does not exist on type 'PrismaService'.

[7m24[0m     return this.prisma.activity.findUnique({
[7m  [0m [91m                       ~~~~~~~~[0m

[96msrc/activities/activities.service.ts[0m:[93m34[0m:[93m24[0m - [91merror[0m[90m TS2339: [0mProperty 'activity' does not exist on type 'PrismaService'.

[7m34[0m     return this.prisma.activity.create({
[7m  [0m [91m                       ~~~~~~~~[0m

[96msrc/activities/activities.service.ts[0m:[93m43[0m:[93m24[0m - [91merror[0m[90m TS2339: [0mProperty 'activity' does not exist on type 'PrismaService'.

[7m43[0m     return this.prisma.activity.update({
[7m  [0m [91m                       ~~~~~~~~[0m

[96msrc/activities/activities.service.ts[0m:[93m53[0m:[93m24[0m - [91merror[0m[90m TS2339: [0mProperty 'activity' does not exist on type 'PrismaService'.

[7m53[0m     return this.prisma.activity.update({
[7m  [0m [91m                       ~~~~~~~~[0m

[96msrc/activities/activities.service.ts[0m:[93m60[0m:[93m24[0m - [91merror[0m[90m TS2339: [0mProperty 'activity' does not exist on type 'PrismaService'.

[7m60[0m     return this.prisma.activity.findMany({
[7m  [0m [91m                       ~~~~~~~~[0m

[96msrc/activities/activities.service.ts[0m:[93m69[0m:[93m24[0m - [91merror[0m[90m TS2339: [0mProperty 'activity' does not exist on type 'PrismaService'.

[7m69[0m     return this.prisma.activity.findMany({
[7m  [0m [91m                       ~~~~~~~~[0m

[96msrc/admin/admin-bookings.controller.ts[0m:[93m120[0m:[93m15[0m - [91merror[0m[90m TS2551: [0mProperty 'activityId' does not exist on type '{ user: { email: string; password: string; name: string; role: Role; id: string; createdAt: Date; updatedAt: Date; }; staff: never; activity: never; resources: never; } & { id: string; ... 11 more ...; approvedAt: Date; }'. Did you mean 'activity'?

[7m120[0m       booking.activityId,
[7m   [0m [91m              ~~~~~~~~~~[0m

[96msrc/bookings/bookings.service.ts[0m:[93m83[0m:[93m40[0m - [91merror[0m[90m TS2339: [0mProperty 'activity' does not exist on type 'PrismaService'.

[7m83[0m     const activity = await this.prisma.activity.findUnique({
[7m  [0m [91m                                       ~~~~~~~~[0m

[96msrc/bookings/bookings.service.ts[0m:[93m150[0m:[93m9[0m - [91merror[0m[90m TS2353: [0mObject literal may only specify known properties, and 'activityId' does not exist in type '(Without<BookingCreateInput, BookingUncheckedCreateInput> & BookingUncheckedCreateInput) | (Without<...> & BookingCreateInput)'.

[7m150[0m         activityId: data.activityId,
[7m   [0m [91m        ~~~~~~~~~~[0m

  [96mgenerated/prisma/models/Booking.ts[0m:[93m1658[0m:[93m3[0m
    [7m1658[0m   data: Prisma.XOR<Prisma.BookingCreateInput, Prisma.BookingUncheckedCreateInput>
    [7m    [0m [96m  ~~~~[0m
    The expected type comes from property 'data' which is declared here on type '{ select?: BookingSelect<DefaultArgs>; omit?: BookingOmit<DefaultArgs>; include?: BookingInclude<DefaultArgs>; data: (Without<...> & BookingUncheckedCreateInput) | (Without<...> & BookingCreateInput); }'

[96msrc/bookings/bookings.service.ts[0m:[93m164[0m:[93m9[0m - [91merror[0m[90m TS2353: [0mObject literal may only specify known properties, and 'activity' does not exist in type 'BookingInclude<DefaultArgs>'.

[7m164[0m         activity: true,
[7m   [0m [91m        ~~~~~~~~[0m

  [96mgenerated/prisma/models/Booking.ts[0m:[93m1654[0m:[93m3[0m
    [7m1654[0m   include?: Prisma.BookingInclude<ExtArgs> | null
    [7m    [0m [96m  ~~~~~~~[0m
    The expected type comes from property 'include' which is declared here on type '{ select?: BookingSelect<DefaultArgs>; omit?: BookingOmit<DefaultArgs>; include?: BookingInclude<DefaultArgs>; data: (Without<...> & BookingUncheckedCreateInput) | (Without<...> & BookingCreateInput); }'

[96msrc/bookings/bookings.service.ts[0m:[93m177[0m:[93m25[0m - [91merror[0m[90m TS2339: [0mProperty 'bookingResource' does not exist on type 'PrismaService'.

[7m177[0m       await this.prisma.bookingResource.createMany({
[7m   [0m [91m                        ~~~~~~~~~~~~~~~[0m

[96msrc/bookings/bookings.service.ts[0m:[93m195[0m:[93m25[0m - [91merror[0m[90m TS2551: [0mProperty 'activityId' does not exist on type '{ user: { email: string; password: string; name: string; role: Role; id: string; createdAt: Date; updatedAt: Date; }; staff: never; activity: never; resources: never; } & { id: string; ... 11 more ...; approvedAt: Date; }'. Did you mean 'activity'?

[7m195[0m         existingBooking.activityId,
[7m   [0m [91m                        ~~~~~~~~~~[0m

[96msrc/bookings/bookings.service.ts[0m:[93m198[0m:[93m25[0m - [91merror[0m[90m TS2551: [0mProperty 'resourceUnits' does not exist on type '{ user: { email: string; password: string; name: string; role: Role; id: string; createdAt: Date; updatedAt: Date; }; staff: never; activity: never; resources: never; } & { id: string; ... 11 more ...; approvedAt: Date; }'. Did you mean 'resources'?

[7m198[0m         existingBooking.resourceUnits,
[7m   [0m [91m                        ~~~~~~~~~~~~~[0m

[96msrc/bookings/bookings.service.ts[0m:[93m230[0m:[93m9[0m - [91merror[0m[90m TS2353: [0mObject literal may only specify known properties, and 'activity' does not exist in type 'BookingInclude<DefaultArgs>'.

[7m230[0m         activity: true,
[7m   [0m [91m        ~~~~~~~~[0m

  [96mgenerated/prisma/models/Booking.ts[0m:[93m1602[0m:[93m3[0m
    [7m1602[0m   include?: Prisma.BookingInclude<ExtArgs> | null
    [7m    [0m [96m  ~~~~~~~[0m
    The expected type comes from property 'include' which is declared here on type '{ select?: BookingSelect<DefaultArgs>; omit?: BookingOmit<DefaultArgs>; include?: BookingInclude<DefaultArgs>; ... 5 more ...; distinct?: BookingScalarFieldEnum | BookingScalarFieldEnum[]; }'

[96msrc/bookings/bookings.service.ts[0m:[93m246[0m:[93m16[0m - [91merror[0m[90m TS2353: [0mObject literal may only specify known properties, and 'activityId' does not exist in type 'BookingWhereInput'.

[7m246[0m       where: { activityId },
[7m   [0m [91m               ~~~~~~~~~~[0m

  [96mgenerated/prisma/models/Booking.ts[0m:[93m1606[0m:[93m3[0m
    [7m1606[0m   where?: Prisma.BookingWhereInput
    [7m    [0m [96m  ~~~~~[0m
    The expected type comes from property 'where' which is declared here on type '{ select?: BookingSelect<DefaultArgs>; omit?: BookingOmit<DefaultArgs>; include?: BookingInclude<DefaultArgs>; ... 5 more ...; distinct?: BookingScalarFieldEnum | BookingScalarFieldEnum[]; }'

[96msrc/bookings/bookings.service.ts[0m:[93m251[0m:[93m9[0m - [91merror[0m[90m TS2353: [0mObject literal may only specify known properties, and 'staff' does not exist in type 'BookingInclude<DefaultArgs>'.

[7m251[0m         staff: true,
[7m   [0m [91m        ~~~~~[0m

  [96mgenerated/prisma/models/Booking.ts[0m:[93m1602[0m:[93m3[0m
    [7m1602[0m   include?: Prisma.BookingInclude<ExtArgs> | null
    [7m    [0m [96m  ~~~~~~~[0m
    The expected type comes from property 'include' which is declared here on type '{ select?: BookingSelect<DefaultArgs>; omit?: BookingOmit<DefaultArgs>; include?: BookingInclude<DefaultArgs>; ... 5 more ...; distinct?: BookingScalarFieldEnum | BookingScalarFieldEnum[]; }'

[96msrc/bookings/bookings.service.ts[0m:[93m281[0m:[93m35[0m - [91merror[0m[90m TS2322: [0mType '"CONFIRMED"' is not assignable to type 'BookingStatus'.

[7m281[0m         status: { in: ['PENDING', 'CONFIRMED'] }
[7m   [0m [91m                                  ~~~~~~~~~~~[0m

[96msrc/bookings/bookings.service.ts[0m:[93m287[0m:[93m9[0m - [91merror[0m[90m TS2353: [0mObject literal may only specify known properties, and 'activity' does not exist in type 'BookingInclude<DefaultArgs>'.

[7m287[0m         activity: true,
[7m   [0m [91m        ~~~~~~~~[0m

  [96mgenerated/prisma/models/Booking.ts[0m:[93m1602[0m:[93m3[0m
    [7m1602[0m   include?: Prisma.BookingInclude<ExtArgs> | null
    [7m    [0m [96m  ~~~~~~~[0m
    The expected type comes from property 'include' which is declared here on type '{ select?: BookingSelect<DefaultArgs>; omit?: BookingOmit<DefaultArgs>; include?: BookingInclude<DefaultArgs>; ... 5 more ...; distinct?: BookingScalarFieldEnum | BookingScalarFieldEnum[]; }'

[96msrc/bookings/bookings.service.ts[0m:[93m300[0m:[93m9[0m - [91merror[0m[90m TS2322: [0mType '"CONFIRMED"' is not assignable to type 'BookingStatus | EnumBookingStatusFieldUpdateOperationsInput'.

[7m300[0m         status: 'CONFIRMED',
[7m   [0m [91m        ~~~~~~[0m

  [96mgenerated/prisma/models/Booking.ts[0m:[93m425[0m:[93m3[0m
    [7m425[0m   status?: Prisma.EnumBookingStatusFieldUpdateOperationsInput | $Enums.BookingStatus
    [7m   [0m [96m  ~~~~~~[0m
    The expected type comes from property 'status' which is declared here on type '(Without<BookingUpdateInput, BookingUncheckedUpdateInput> & BookingUncheckedUpdateInput) | (Without<...> & BookingUpdateInput)'

[96msrc/bookings/bookings.service.ts[0m:[93m306[0m:[93m9[0m - [91merror[0m[90m TS2353: [0mObject literal may only specify known properties, and 'activity' does not exist in type 'BookingInclude<DefaultArgs>'.

[7m306[0m         activity: true,
[7m   [0m [91m        ~~~~~~~~[0m

  [96mgenerated/prisma/models/Booking.ts[0m:[93m1710[0m:[93m3[0m
    [7m1710[0m   include?: Prisma.BookingInclude<ExtArgs> | null
    [7m    [0m [96m  ~~~~~~~[0m
    The expected type comes from property 'include' which is declared here on type '{ select?: BookingSelect<DefaultArgs>; omit?: BookingOmit<DefaultArgs>; include?: BookingInclude<DefaultArgs>; data: (Without<...> & BookingUncheckedUpdateInput) | (Without<...> & BookingUpdateInput); where: BookingWhereUniqueInput; }'

[96msrc/bookings/bookings.service.ts[0m:[93m333[0m:[93m40[0m - [91merror[0m[90m TS2339: [0mProperty 'activity' does not exist on type 'PrismaService'.

[7m333[0m     const activity = await this.prisma.activity.findUnique({
[7m   [0m [91m                                       ~~~~~~~~[0m

[96msrc/bookings/bookings.service.ts[0m:[93m375[0m:[93m40[0m - [91merror[0m[90m TS2339: [0mProperty 'activity' does not exist on type 'PrismaService'.

[7m375[0m     const activity = await this.prisma.activity.findUnique({
[7m   [0m [91m                                       ~~~~~~~~[0m

[96msrc/bookings/bookings.service.ts[0m:[93m432[0m:[93m9[0m - [91merror[0m[90m TS2561: [0mObject literal may only specify known properties, but 'resources' does not exist in type 'BookingInclude<DefaultArgs>'. Did you mean to write 'resource'?

[7m432[0m         resources: {
[7m   [0m [91m        ~~~~~~~~~[0m

  [96mgenerated/prisma/models/Booking.ts[0m:[93m1602[0m:[93m3[0m
    [7m1602[0m   include?: Prisma.BookingInclude<ExtArgs> | null
    [7m    [0m [96m  ~~~~~~~[0m
    The expected type comes from property 'include' which is declared here on type '{ select?: BookingSelect<DefaultArgs>; omit?: BookingOmit<DefaultArgs>; include?: BookingInclude<DefaultArgs>; ... 5 more ...; distinct?: BookingScalarFieldEnum | BookingScalarFieldEnum[]; }'

[96msrc/bookings/bookings.service.ts[0m:[93m439[0m:[93m39[0m - [91merror[0m[90m TS2551: [0mProperty 'resources' does not exist on type '{ id: string; createdAt: Date; updatedAt: Date; quantity: number; startTime: Date; endTime: Date; notes: string; status: BookingStatus; totalPrice: number; userId: string; resourceId: string; approvedBy: string; approvedAt: Date; }'. Did you mean 'resourceId'?

[7m439[0m       const bookingResource = booking.resources.find(r => r.resourceId === resourceId);
[7m   [0m [91m                                      ~~~~~~~~~[0m

[96msrc/bookings/bookings.service.ts[0m:[93m454[0m:[93m35[0m - [91merror[0m[90m TS2322: [0mType '"CONFIRMED"' is not assignable to type 'BookingStatus'.

[7m454[0m         status: { in: ['PENDING', 'CONFIRMED'] }
[7m   [0m [91m                                  ~~~~~~~~~~~[0m

[96msrc/bookings/bookings.service.ts[0m:[93m478[0m:[93m7[0m - [91merror[0m[90m TS2322: [0mType '{ activities: { include: { activity: true; }; }; }' is not assignable to type 'never'.

[7m478[0m       include: {
[7m   [0m [91m      ~~~~~~~[0m

  [96msrc/bookings/bookings.service.ts[0m:[93m478[0m:[93m7[0m
    [7m478[0m       include: {
    [7m   [0m [96m      ~~~~~~~~~~[0m
    [7m479[0m         activities: {
    [7m   [0m [96m~~~~~~~~~~~~~~~~~~~~~[0m
    [7m...[0m 
    [7m483[0m         }
    [7m   [0m [96m~~~~~~~~~[0m
    [7m484[0m       }
    [7m   [0m [96m~~~~~~~[0m
    The expected type comes from property 'include' which is declared here on type '{ where: any; include: never; }'

[96msrc/bookings/bookings.service.ts[0m:[93m490[0m:[93m40[0m - [91merror[0m[90m TS2339: [0mProperty 'activity' does not exist on type 'PrismaService'.

[7m490[0m     const activity = await this.prisma.activity.findUnique({
[7m   [0m [91m                                       ~~~~~~~~[0m

[96msrc/pricing/pricing.service.ts[0m:[93m10[0m:[93m24[0m - [91merror[0m[90m TS2339: [0mProperty 'pricing' does not exist on type 'PrismaService'.

[7m10[0m     return this.prisma.pricing.create({
[7m  [0m [91m                       ~~~~~~~[0m

[96msrc/pricing/pricing.service.ts[0m:[93m30[0m:[93m19[0m - [91merror[0m[90m TS2339: [0mProperty 'pricing' does not exist on type 'PrismaService'.

[7m30[0m       this.prisma.pricing.findMany({
[7m  [0m [91m                  ~~~~~~~[0m

[96msrc/pricing/pricing.service.ts[0m:[93m39[0m:[93m19[0m - [91merror[0m[90m TS2339: [0mProperty 'pricing' does not exist on type 'PrismaService'.

[7m39[0m       this.prisma.pricing.count({ where }),
[7m  [0m [91m                  ~~~~~~~[0m

[96msrc/pricing/pricing.service.ts[0m:[93m52[0m:[93m24[0m - [91merror[0m[90m TS2339: [0mProperty 'pricing' does not exist on type 'PrismaService'.

[7m52[0m     return this.prisma.pricing.findUnique({
[7m  [0m [91m                       ~~~~~~~[0m

[96msrc/pricing/pricing.service.ts[0m:[93m61[0m:[93m24[0m - [91merror[0m[90m TS2339: [0mProperty 'pricing' does not exist on type 'PrismaService'.

[7m61[0m     return this.prisma.pricing.update({
[7m  [0m [91m                       ~~~~~~~[0m

[96msrc/pricing/pricing.service.ts[0m:[93m71[0m:[93m24[0m - [91merror[0m[90m TS2339: [0mProperty 'pricing' does not exist on type 'PrismaService'.

[7m71[0m     return this.prisma.pricing.delete({
[7m  [0m [91m                       ~~~~~~~[0m

[96msrc/pricing/pricing.service.ts[0m:[93m77[0m:[93m24[0m - [91merror[0m[90m TS2339: [0mProperty 'pricing' does not exist on type 'PrismaService'.

[7m77[0m     return this.prisma.pricing.findMany({
[7m  [0m [91m                       ~~~~~~~[0m

[96msrc/pricing/pricing.service.ts[0m:[93m87[0m:[93m24[0m - [91merror[0m[90m TS2339: [0mProperty 'pricing' does not exist on type 'PrismaService'.

[7m87[0m     return this.prisma.pricing.findMany({
[7m  [0m [91m                       ~~~~~~~[0m

[96msrc/pricing/pricing.service.ts[0m:[93m101[0m:[93m40[0m - [91merror[0m[90m TS2339: [0mProperty 'activity' does not exist on type 'PrismaService'.

[7m101[0m     const activity = await this.prisma.activity.findUnique({
[7m   [0m [91m                                       ~~~~~~~~[0m

[96msrc/resources/resources.controller.ts[0m:[93m17[0m:[93m36[0m - [91merror[0m[90m TS2339: [0mProperty 'findByActivity' does not exist on type 'ResourcesService'.

[7m17[0m       return this.resourcesService.findByActivity(activityId);
[7m  [0m [91m                                   ~~~~~~~~~~~~~~[0m

[96msrc/resources/resources.controller.ts[0m:[93m20[0m:[93m47[0m - [91merror[0m[90m TS2345: [0mArgument of type 'string' is not assignable to parameter of type 'ResourceType'.

[7m20[0m       return this.resourcesService.findByType(type);
[7m  [0m [91m                                              ~~~~[0m

[96msrc/staff/staff.service.ts[0m:[93m47[0m:[93m9[0m - [91merror[0m[90m TS2322: [0mType '{ activities: { include: { activity: true; }; }; }' is not assignable to type 'never'.

[7m47[0m         include: {
[7m  [0m [91m        ~~~~~~~[0m

  [96msrc/staff/staff.service.ts[0m:[93m47[0m:[93m9[0m
    [7m 47[0m         include: {
    [7m   [0m [96m        ~~~~~~~~~~[0m
    [7m 48[0m           activities: {
    [7m   [0m [96m~~~~~~~~~~~~~~~~~~~~~~~[0m
    [7m...[0m 
    [7m 52[0m           },
    [7m   [0m [96m~~~~~~~~~~~~[0m
    [7m 53[0m         },
    [7m   [0m [96m~~~~~~~~~[0m
    The expected type comes from property 'include' which is declared here on type '{ where: any; skip: number; take: number; orderBy: { createdAt: "desc"; }; include: never; }'

[96msrc/staff/staff.service.ts[0m:[93m70[0m:[93m7[0m - [91merror[0m[90m TS2322: [0mType '{ activities: { include: { activity: true; }; }; }' is not assignable to type 'never'.

[7m70[0m       include: {
[7m  [0m [91m      ~~~~~~~[0m

  [96msrc/staff/staff.service.ts[0m:[93m70[0m:[93m7[0m
    [7m 70[0m       include: {
    [7m   [0m [96m      ~~~~~~~~~~[0m
    [7m 71[0m         activities: {
    [7m   [0m [96m~~~~~~~~~~~~~~~~~~~~~[0m
    [7m...[0m 
    [7m 75[0m         },
    [7m   [0m [96m~~~~~~~~~~[0m
    [7m 76[0m       },
    [7m   [0m [96m~~~~~~~[0m
    The expected type comes from property 'include' which is declared here on type '{ where: { id: string; }; include: never; }'

[96msrc/staff/staff.service.ts[0m:[93m104[0m:[93m26[0m - [91merror[0m[90m TS2322: [0mType '"CONFIRMED"' is not assignable to type 'BookingStatus'.

[7m104[0m           status: { in: ['CONFIRMED', 'PENDING'] },
[7m   [0m [91m                         ~~~~~~~~~~~[0m

[96msrc/staff/staff.service.ts[0m:[93m106[0m:[93m19[0m - [91merror[0m[90m TS2353: [0mObject literal may only specify known properties, and 'staffId' does not exist in type 'BookingSelect<DefaultArgs>'.

[7m106[0m         select: { staffId: true },
[7m   [0m [91m                  ~~~~~~~[0m

  [96mgenerated/prisma/models/Booking.ts[0m:[93m1594[0m:[93m3[0m
    [7m1594[0m   select?: Prisma.BookingSelect<ExtArgs> | null
    [7m    [0m [96m  ~~~~~~[0m
    The expected type comes from property 'select' which is declared here on type '{ select?: BookingSelect<DefaultArgs>; omit?: BookingOmit<DefaultArgs>; include?: BookingInclude<DefaultArgs>; ... 5 more ...; distinct?: BookingScalarFieldEnum | BookingScalarFieldEnum[]; }'

[96msrc/staff/staff.service.ts[0m:[93m109[0m:[93m36[0m - [91merror[0m[90m TS2339: [0mProperty 'staffId' does not exist on type '{ id: string; createdAt: Date; updatedAt: Date; quantity: number; startTime: Date; endTime: Date; notes: string; status: BookingStatus; totalPrice: number; userId: string; resourceId: string; approvedBy: string; approvedAt: Date; }'.

[7m109[0m         .filter(booking => booking.staffId)
[7m   [0m [91m                                   ~~~~~~~[0m

[96msrc/staff/staff.service.ts[0m:[93m110[0m:[93m33[0m - [91merror[0m[90m TS2339: [0mProperty 'staffId' does not exist on type '{ id: string; createdAt: Date; updatedAt: Date; quantity: number; startTime: Date; endTime: Date; notes: string; status: BookingStatus; totalPrice: number; userId: string; resourceId: string; approvedBy: string; approvedAt: Date; }'.

[7m110[0m         .map(booking => booking.staffId)
[7m   [0m [91m                                ~~~~~~~[0m

[96msrc/staff/staff.service.ts[0m:[93m128[0m:[93m7[0m - [91merror[0m[90m TS2322: [0mType '{ activities: { include: { activity: true; }; }; }' is not assignable to type 'never'.

[7m128[0m       include: {
[7m   [0m [91m      ~~~~~~~[0m

  [96msrc/staff/staff.service.ts[0m:[93m128[0m:[93m7[0m
    [7m128[0m       include: {
    [7m   [0m [96m      ~~~~~~~~~~[0m
    [7m129[0m         activities: {
    [7m   [0m [96m~~~~~~~~~~~~~~~~~~~~~[0m
    [7m...[0m 
    [7m133[0m         },
    [7m   [0m [96m~~~~~~~~~~[0m
    [7m134[0m       },
    [7m   [0m [96m~~~~~~~[0m
    The expected type comes from property 'include' which is declared here on type '{ where: any; include: never; }'

[96msrc/staff/staff.service.ts[0m:[93m139[0m:[93m24[0m - [91merror[0m[90m TS2339: [0mProperty 'staffActivity' does not exist on type 'PrismaService'.

[7m139[0m     return this.prisma.staffActivity.create({
[7m   [0m [91m                       ~~~~~~~~~~~~~[0m

[96msrc/staff/staff.service.ts[0m:[93m149[0m:[93m24[0m - [91merror[0m[90m TS2339: [0mProperty 'staffActivity' does not exist on type 'PrismaService'.

[7m149[0m     return this.prisma.staffActivity.deleteMany({
[7m   [0m [91m                       ~~~~~~~~~~~~~[0m

[96msrc/staff/staff.service.ts[0m:[93m158[0m:[93m24[0m - [91merror[0m[90m TS2339: [0mProperty 'staffActivity' does not exist on type 'PrismaService'.

[7m158[0m     return this.prisma.staffActivity.findMany({
[7m   [0m [91m                       ~~~~~~~~~~~~~[0m

[[90m3:17:09 PM[0m] Found 49 errors. Watching for file changes.

[2J[3J[H[[90m3:17:20 PM[0m] File change detected. Starting incremental compilation...

[96msrc/activities/activities.service.ts[0m:[93m10[0m:[93m24[0m - [91merror[0m[90m TS2339: [0mProperty 'activity' does not exist on type 'PrismaService'.

[7m10[0m     return this.prisma.activity.findMany({
[7m  [0m [91m                       ~~~~~~~~[0m

[96msrc/activities/activities.service.ts[0m:[93m24[0m:[93m24[0m - [91merror[0m[90m TS2339: [0mProperty 'activity' does not exist on type 'PrismaService'.

[7m24[0m     return this.prisma.activity.findUnique({
[7m  [0m [91m                       ~~~~~~~~[0m

[96msrc/activities/activities.service.ts[0m:[93m34[0m:[93m24[0m - [91merror[0m[90m TS2339: [0mProperty 'activity' does not exist on type 'PrismaService'.

[7m34[0m     return this.prisma.activity.create({
[7m  [0m [91m                       ~~~~~~~~[0m

[96msrc/activities/activities.service.ts[0m:[93m43[0m:[93m24[0m - [91merror[0m[90m TS2339: [0mProperty 'activity' does not exist on type 'PrismaService'.

[7m43[0m     return this.prisma.activity.update({
[7m  [0m [91m                       ~~~~~~~~[0m

[96msrc/activities/activities.service.ts[0m:[93m53[0m:[93m24[0m - [91merror[0m[90m TS2339: [0mProperty 'activity' does not exist on type 'PrismaService'.

[7m53[0m     return this.prisma.activity.update({
[7m  [0m [91m                       ~~~~~~~~[0m

[96msrc/activities/activities.service.ts[0m:[93m60[0m:[93m24[0m - [91merror[0m[90m TS2339: [0mProperty 'activity' does not exist on type 'PrismaService'.

[7m60[0m     return this.prisma.activity.findMany({
[7m  [0m [91m                       ~~~~~~~~[0m

[96msrc/activities/activities.service.ts[0m:[93m69[0m:[93m24[0m - [91merror[0m[90m TS2339: [0mProperty 'activity' does not exist on type 'PrismaService'.

[7m69[0m     return this.prisma.activity.findMany({
[7m  [0m [91m                       ~~~~~~~~[0m

[96msrc/admin/admin-bookings.controller.ts[0m:[93m120[0m:[93m15[0m - [91merror[0m[90m TS2551: [0mProperty 'activityId' does not exist on type '{ user: { email: string; password: string; name: string; role: Role; id: string; createdAt: Date; updatedAt: Date; }; staff: never; activity: never; resources: never; } & { id: string; ... 11 more ...; approvedAt: Date; }'. Did you mean 'activity'?

[7m120[0m       booking.activityId,
[7m   [0m [91m              ~~~~~~~~~~[0m

[96msrc/bookings/bookings.service.ts[0m:[93m83[0m:[93m40[0m - [91merror[0m[90m TS2339: [0mProperty 'activity' does not exist on type 'PrismaService'.

[7m83[0m     const activity = await this.prisma.activity.findUnique({
[7m  [0m [91m                                       ~~~~~~~~[0m

[96msrc/bookings/bookings.service.ts[0m:[93m150[0m:[93m9[0m - [91merror[0m[90m TS2353: [0mObject literal may only specify known properties, and 'activityId' does not exist in type '(Without<BookingCreateInput, BookingUncheckedCreateInput> & BookingUncheckedCreateInput) | (Without<...> & BookingCreateInput)'.

[7m150[0m         activityId: data.activityId,
[7m   [0m [91m        ~~~~~~~~~~[0m

  [96mgenerated/prisma/models/Booking.ts[0m:[93m1658[0m:[93m3[0m
    [7m1658[0m   data: Prisma.XOR<Prisma.BookingCreateInput, Prisma.BookingUncheckedCreateInput>
    [7m    [0m [96m  ~~~~[0m
    The expected type comes from property 'data' which is declared here on type '{ select?: BookingSelect<DefaultArgs>; omit?: BookingOmit<DefaultArgs>; include?: BookingInclude<DefaultArgs>; data: (Without<...> & BookingUncheckedCreateInput) | (Without<...> & BookingCreateInput); }'

[96msrc/bookings/bookings.service.ts[0m:[93m164[0m:[93m9[0m - [91merror[0m[90m TS2353: [0mObject literal may only specify known properties, and 'activity' does not exist in type 'BookingInclude<DefaultArgs>'.

[7m164[0m         activity: true,
[7m   [0m [91m        ~~~~~~~~[0m

  [96mgenerated/prisma/models/Booking.ts[0m:[93m1654[0m:[93m3[0m
    [7m1654[0m   include?: Prisma.BookingInclude<ExtArgs> | null
    [7m    [0m [96m  ~~~~~~~[0m
    The expected type comes from property 'include' which is declared here on type '{ select?: BookingSelect<DefaultArgs>; omit?: BookingOmit<DefaultArgs>; include?: BookingInclude<DefaultArgs>; data: (Without<...> & BookingUncheckedCreateInput) | (Without<...> & BookingCreateInput); }'

[96msrc/bookings/bookings.service.ts[0m:[93m177[0m:[93m25[0m - [91merror[0m[90m TS2339: [0mProperty 'bookingResource' does not exist on type 'PrismaService'.

[7m177[0m       await this.prisma.bookingResource.createMany({
[7m   [0m [91m                        ~~~~~~~~~~~~~~~[0m

[96msrc/bookings/bookings.service.ts[0m:[93m195[0m:[93m25[0m - [91merror[0m[90m TS2551: [0mProperty 'activityId' does not exist on type '{ user: { email: string; password: string; name: string; role: Role; id: string; createdAt: Date; updatedAt: Date; }; staff: never; activity: never; resources: never; } & { id: string; ... 11 more ...; approvedAt: Date; }'. Did you mean 'activity'?

[7m195[0m         existingBooking.activityId,
[7m   [0m [91m                        ~~~~~~~~~~[0m

[96msrc/bookings/bookings.service.ts[0m:[93m198[0m:[93m25[0m - [91merror[0m[90m TS2551: [0mProperty 'resourceUnits' does not exist on type '{ user: { email: string; password: string; name: string; role: Role; id: string; createdAt: Date; updatedAt: Date; }; staff: never; activity: never; resources: never; } & { id: string; ... 11 more ...; approvedAt: Date; }'. Did you mean 'resources'?

[7m198[0m         existingBooking.resourceUnits,
[7m   [0m [91m                        ~~~~~~~~~~~~~[0m

[96msrc/bookings/bookings.service.ts[0m:[93m230[0m:[93m9[0m - [91merror[0m[90m TS2353: [0mObject literal may only specify known properties, and 'activity' does not exist in type 'BookingInclude<DefaultArgs>'.

[7m230[0m         activity: true,
[7m   [0m [91m        ~~~~~~~~[0m

  [96mgenerated/prisma/models/Booking.ts[0m:[93m1602[0m:[93m3[0m
    [7m1602[0m   include?: Prisma.BookingInclude<ExtArgs> | null
    [7m    [0m [96m  ~~~~~~~[0m
    The expected type comes from property 'include' which is declared here on type '{ select?: BookingSelect<DefaultArgs>; omit?: BookingOmit<DefaultArgs>; include?: BookingInclude<DefaultArgs>; ... 5 more ...; distinct?: BookingScalarFieldEnum | BookingScalarFieldEnum[]; }'

[96msrc/bookings/bookings.service.ts[0m:[93m246[0m:[93m16[0m - [91merror[0m[90m TS2353: [0mObject literal may only specify known properties, and 'activityId' does not exist in type 'BookingWhereInput'.

[7m246[0m       where: { activityId },
[7m   [0m [91m               ~~~~~~~~~~[0m

  [96mgenerated/prisma/models/Booking.ts[0m:[93m1606[0m:[93m3[0m
    [7m1606[0m   where?: Prisma.BookingWhereInput
    [7m    [0m [96m  ~~~~~[0m
    The expected type comes from property 'where' which is declared here on type '{ select?: BookingSelect<DefaultArgs>; omit?: BookingOmit<DefaultArgs>; include?: BookingInclude<DefaultArgs>; ... 5 more ...; distinct?: BookingScalarFieldEnum | BookingScalarFieldEnum[]; }'

[96msrc/bookings/bookings.service.ts[0m:[93m251[0m:[93m9[0m - [91merror[0m[90m TS2353: [0mObject literal may only specify known properties, and 'staff' does not exist in type 'BookingInclude<DefaultArgs>'.

[7m251[0m         staff: true,
[7m   [0m [91m        ~~~~~[0m

  [96mgenerated/prisma/models/Booking.ts[0m:[93m1602[0m:[93m3[0m
    [7m1602[0m   include?: Prisma.BookingInclude<ExtArgs> | null
    [7m    [0m [96m  ~~~~~~~[0m
    The expected type comes from property 'include' which is declared here on type '{ select?: BookingSelect<DefaultArgs>; omit?: BookingOmit<DefaultArgs>; include?: BookingInclude<DefaultArgs>; ... 5 more ...; distinct?: BookingScalarFieldEnum | BookingScalarFieldEnum[]; }'

[96msrc/bookings/bookings.service.ts[0m:[93m281[0m:[93m35[0m - [91merror[0m[90m TS2322: [0mType '"CONFIRMED"' is not assignable to type 'BookingStatus'.

[7m281[0m         status: { in: ['PENDING', 'CONFIRMED'] }
[7m   [0m [91m                                  ~~~~~~~~~~~[0m

[96msrc/bookings/bookings.service.ts[0m:[93m287[0m:[93m9[0m - [91merror[0m[90m TS2353: [0mObject literal may only specify known properties, and 'activity' does not exist in type 'BookingInclude<DefaultArgs>'.

[7m287[0m         activity: true,
[7m   [0m [91m        ~~~~~~~~[0m

  [96mgenerated/prisma/models/Booking.ts[0m:[93m1602[0m:[93m3[0m
    [7m1602[0m   include?: Prisma.BookingInclude<ExtArgs> | null
    [7m    [0m [96m  ~~~~~~~[0m
    The expected type comes from property 'include' which is declared here on type '{ select?: BookingSelect<DefaultArgs>; omit?: BookingOmit<DefaultArgs>; include?: BookingInclude<DefaultArgs>; ... 5 more ...; distinct?: BookingScalarFieldEnum | BookingScalarFieldEnum[]; }'

[96msrc/bookings/bookings.service.ts[0m:[93m300[0m:[93m9[0m - [91merror[0m[90m TS2322: [0mType '"CONFIRMED"' is not assignable to type 'BookingStatus | EnumBookingStatusFieldUpdateOperationsInput'.

[7m300[0m         status: 'CONFIRMED',
[7m   [0m [91m        ~~~~~~[0m

  [96mgenerated/prisma/models/Booking.ts[0m:[93m425[0m:[93m3[0m
    [7m425[0m   status?: Prisma.EnumBookingStatusFieldUpdateOperationsInput | $Enums.BookingStatus
    [7m   [0m [96m  ~~~~~~[0m
    The expected type comes from property 'status' which is declared here on type '(Without<BookingUpdateInput, BookingUncheckedUpdateInput> & BookingUncheckedUpdateInput) | (Without<...> & BookingUpdateInput)'

[96msrc/bookings/bookings.service.ts[0m:[93m306[0m:[93m9[0m - [91merror[0m[90m TS2353: [0mObject literal may only specify known properties, and 'activity' does not exist in type 'BookingInclude<DefaultArgs>'.

[7m306[0m         activity: true,
[7m   [0m [91m        ~~~~~~~~[0m

  [96mgenerated/prisma/models/Booking.ts[0m:[93m1710[0m:[93m3[0m
    [7m1710[0m   include?: Prisma.BookingInclude<ExtArgs> | null
    [7m    [0m [96m  ~~~~~~~[0m
    The expected type comes from property 'include' which is declared here on type '{ select?: BookingSelect<DefaultArgs>; omit?: BookingOmit<DefaultArgs>; include?: BookingInclude<DefaultArgs>; data: (Without<...> & BookingUncheckedUpdateInput) | (Without<...> & BookingUpdateInput); where: BookingWhereUniqueInput; }'

[96msrc/bookings/bookings.service.ts[0m:[93m333[0m:[93m40[0m - [91merror[0m[90m TS2339: [0mProperty 'activity' does not exist on type 'PrismaService'.

[7m333[0m     const activity = await this.prisma.activity.findUnique({
[7m   [0m [91m                                       ~~~~~~~~[0m

[96msrc/bookings/bookings.service.ts[0m:[93m375[0m:[93m40[0m - [91merror[0m[90m TS2339: [0mProperty 'activity' does not exist on type 'PrismaService'.

[7m375[0m     const activity = await this.prisma.activity.findUnique({
[7m   [0m [91m                                       ~~~~~~~~[0m

[96msrc/bookings/bookings.service.ts[0m:[93m432[0m:[93m9[0m - [91merror[0m[90m TS2561: [0mObject literal may only specify known properties, but 'resources' does not exist in type 'BookingInclude<DefaultArgs>'. Did you mean to write 'resource'?

[7m432[0m         resources: {
[7m   [0m [91m        ~~~~~~~~~[0m

  [96mgenerated/prisma/models/Booking.ts[0m:[93m1602[0m:[93m3[0m
    [7m1602[0m   include?: Prisma.BookingInclude<ExtArgs> | null
    [7m    [0m [96m  ~~~~~~~[0m
    The expected type comes from property 'include' which is declared here on type '{ select?: BookingSelect<DefaultArgs>; omit?: BookingOmit<DefaultArgs>; include?: BookingInclude<DefaultArgs>; ... 5 more ...; distinct?: BookingScalarFieldEnum | BookingScalarFieldEnum[]; }'

[96msrc/bookings/bookings.service.ts[0m:[93m439[0m:[93m39[0m - [91merror[0m[90m TS2551: [0mProperty 'resources' does not exist on type '{ id: string; createdAt: Date; updatedAt: Date; quantity: number; startTime: Date; endTime: Date; notes: string; status: BookingStatus; totalPrice: number; userId: string; resourceId: string; approvedBy: string; approvedAt: Date; }'. Did you mean 'resourceId'?

[7m439[0m       const bookingResource = booking.resources.find(r => r.resourceId === resourceId);
[7m   [0m [91m                                      ~~~~~~~~~[0m

[96msrc/bookings/bookings.service.ts[0m:[93m454[0m:[93m35[0m - [91merror[0m[90m TS2322: [0mType '"CONFIRMED"' is not assignable to type 'BookingStatus'.

[7m454[0m         status: { in: ['PENDING', 'CONFIRMED'] }
[7m   [0m [91m                                  ~~~~~~~~~~~[0m

[96msrc/bookings/bookings.service.ts[0m:[93m478[0m:[93m7[0m - [91merror[0m[90m TS2322: [0mType '{ activities: { include: { activity: true; }; }; }' is not assignable to type 'never'.

[7m478[0m       include: {
[7m   [0m [91m      ~~~~~~~[0m

  [96msrc/bookings/bookings.service.ts[0m:[93m478[0m:[93m7[0m
    [7m478[0m       include: {
    [7m   [0m [96m      ~~~~~~~~~~[0m
    [7m479[0m         activities: {
    [7m   [0m [96m~~~~~~~~~~~~~~~~~~~~~[0m
    [7m...[0m 
    [7m483[0m         }
    [7m   [0m [96m~~~~~~~~~[0m
    [7m484[0m       }
    [7m   [0m [96m~~~~~~~[0m
    The expected type comes from property 'include' which is declared here on type '{ where: any; include: never; }'

[96msrc/bookings/bookings.service.ts[0m:[93m490[0m:[93m40[0m - [91merror[0m[90m TS2339: [0mProperty 'activity' does not exist on type 'PrismaService'.

[7m490[0m     const activity = await this.prisma.activity.findUnique({
[7m   [0m [91m                                       ~~~~~~~~[0m

[96msrc/pricing/pricing.service.ts[0m:[93m3[0m:[93m46[0m - [91merror[0m[90m TS2305: [0mModule '"./dto/pricing.dto"' has no exported member 'TimeBlock'.

[7m3[0m import { CreatePricingDto, UpdatePricingDto, TimeBlock } from './dto/pricing.dto';
[7m [0m [91m                                             ~~~~~~~~~[0m

[96msrc/pricing/pricing.service.ts[0m:[93m10[0m:[93m24[0m - [91merror[0m[90m TS2339: [0mProperty 'pricing' does not exist on type 'PrismaService'.

[7m10[0m     return this.prisma.pricing.create({
[7m  [0m [91m                       ~~~~~~~[0m

[96msrc/pricing/pricing.service.ts[0m:[93m30[0m:[93m19[0m - [91merror[0m[90m TS2339: [0mProperty 'pricing' does not exist on type 'PrismaService'.

[7m30[0m       this.prisma.pricing.findMany({
[7m  [0m [91m                  ~~~~~~~[0m

[96msrc/pricing/pricing.service.ts[0m:[93m39[0m:[93m19[0m - [91merror[0m[90m TS2339: [0mProperty 'pricing' does not exist on type 'PrismaService'.

[7m39[0m       this.prisma.pricing.count({ where }),
[7m  [0m [91m                  ~~~~~~~[0m

[96msrc/pricing/pricing.service.ts[0m:[93m52[0m:[93m24[0m - [91merror[0m[90m TS2339: [0mProperty 'pricing' does not exist on type 'PrismaService'.

[7m52[0m     return this.prisma.pricing.findUnique({
[7m  [0m [91m                       ~~~~~~~[0m

[96msrc/pricing/pricing.service.ts[0m:[93m61[0m:[93m24[0m - [91merror[0m[90m TS2339: [0mProperty 'pricing' does not exist on type 'PrismaService'.

[7m61[0m     return this.prisma.pricing.update({
[7m  [0m [91m                       ~~~~~~~[0m

[96msrc/pricing/pricing.service.ts[0m:[93m71[0m:[93m24[0m - [91merror[0m[90m TS2339: [0mProperty 'pricing' does not exist on type 'PrismaService'.

[7m71[0m     return this.prisma.pricing.delete({
[7m  [0m [91m                       ~~~~~~~[0m

[96msrc/pricing/pricing.service.ts[0m:[93m77[0m:[93m24[0m - [91merror[0m[90m TS2339: [0mProperty 'pricing' does not exist on type 'PrismaService'.

[7m77[0m     return this.prisma.pricing.findMany({
[7m  [0m [91m                       ~~~~~~~[0m

[96msrc/pricing/pricing.service.ts[0m:[93m87[0m:[93m24[0m - [91merror[0m[90m TS2339: [0mProperty 'pricing' does not exist on type 'PrismaService'.

[7m87[0m     return this.prisma.pricing.findMany({
[7m  [0m [91m                       ~~~~~~~[0m

[96msrc/pricing/pricing.service.ts[0m:[93m101[0m:[93m40[0m - [91merror[0m[90m TS2339: [0mProperty 'activity' does not exist on type 'PrismaService'.

[7m101[0m     const activity = await this.prisma.activity.findUnique({
[7m   [0m [91m                                       ~~~~~~~~[0m

[96msrc/resources/resources.controller.ts[0m:[93m17[0m:[93m36[0m - [91merror[0m[90m TS2339: [0mProperty 'findByActivity' does not exist on type 'ResourcesService'.

[7m17[0m       return this.resourcesService.findByActivity(activityId);
[7m  [0m [91m                                   ~~~~~~~~~~~~~~[0m

[96msrc/resources/resources.controller.ts[0m:[93m20[0m:[93m47[0m - [91merror[0m[90m TS2345: [0mArgument of type 'string' is not assignable to parameter of type 'ResourceType'.

[7m20[0m       return this.resourcesService.findByType(type);
[7m  [0m [91m                                              ~~~~[0m

[96msrc/staff/staff.service.ts[0m:[93m47[0m:[93m9[0m - [91merror[0m[90m TS2322: [0mType '{ activities: { include: { activity: true; }; }; }' is not assignable to type 'never'.

[7m47[0m         include: {
[7m  [0m [91m        ~~~~~~~[0m

  [96msrc/staff/staff.service.ts[0m:[93m47[0m:[93m9[0m
    [7m 47[0m         include: {
    [7m   [0m [96m        ~~~~~~~~~~[0m
    [7m 48[0m           activities: {
    [7m   [0m [96m~~~~~~~~~~~~~~~~~~~~~~~[0m
    [7m...[0m 
    [7m 52[0m           },
    [7m   [0m [96m~~~~~~~~~~~~[0m
    [7m 53[0m         },
    [7m   [0m [96m~~~~~~~~~[0m
    The expected type comes from property 'include' which is declared here on type '{ where: any; skip: number; take: number; orderBy: { createdAt: "desc"; }; include: never; }'

[96msrc/staff/staff.service.ts[0m:[93m70[0m:[93m7[0m - [91merror[0m[90m TS2322: [0mType '{ activities: { include: { activity: true; }; }; }' is not assignable to type 'never'.

[7m70[0m       include: {
[7m  [0m [91m      ~~~~~~~[0m

  [96msrc/staff/staff.service.ts[0m:[93m70[0m:[93m7[0m
    [7m 70[0m       include: {
    [7m   [0m [96m      ~~~~~~~~~~[0m
    [7m 71[0m         activities: {
    [7m   [0m [96m~~~~~~~~~~~~~~~~~~~~~[0m
    [7m...[0m 
    [7m 75[0m         },
    [7m   [0m [96m~~~~~~~~~~[0m
    [7m 76[0m       },
    [7m   [0m [96m~~~~~~~[0m
    The expected type comes from property 'include' which is declared here on type '{ where: { id: string; }; include: never; }'

[96msrc/staff/staff.service.ts[0m:[93m104[0m:[93m26[0m - [91merror[0m[90m TS2322: [0mType '"CONFIRMED"' is not assignable to type 'BookingStatus'.

[7m104[0m           status: { in: ['CONFIRMED', 'PENDING'] },
[7m   [0m [91m                         ~~~~~~~~~~~[0m

[96msrc/staff/staff.service.ts[0m:[93m106[0m:[93m19[0m - [91merror[0m[90m TS2353: [0mObject literal may only specify known properties, and 'staffId' does not exist in type 'BookingSelect<DefaultArgs>'.

[7m106[0m         select: { staffId: true },
[7m   [0m [91m                  ~~~~~~~[0m

  [96mgenerated/prisma/models/Booking.ts[0m:[93m1594[0m:[93m3[0m
    [7m1594[0m   select?: Prisma.BookingSelect<ExtArgs> | null
    [7m    [0m [96m  ~~~~~~[0m
    The expected type comes from property 'select' which is declared here on type '{ select?: BookingSelect<DefaultArgs>; omit?: BookingOmit<DefaultArgs>; include?: BookingInclude<DefaultArgs>; ... 5 more ...; distinct?: BookingScalarFieldEnum | BookingScalarFieldEnum[]; }'

[96msrc/staff/staff.service.ts[0m:[93m109[0m:[93m36[0m - [91merror[0m[90m TS2339: [0mProperty 'staffId' does not exist on type '{ id: string; createdAt: Date; updatedAt: Date; quantity: number; startTime: Date; endTime: Date; notes: string; status: BookingStatus; totalPrice: number; userId: string; resourceId: string; approvedBy: string; approvedAt: Date; }'.

[7m109[0m         .filter(booking => booking.staffId)
[7m   [0m [91m                                   ~~~~~~~[0m

[96msrc/staff/staff.service.ts[0m:[93m110[0m:[93m33[0m - [91merror[0m[90m TS2339: [0mProperty 'staffId' does not exist on type '{ id: string; createdAt: Date; updatedAt: Date; quantity: number; startTime: Date; endTime: Date; notes: string; status: BookingStatus; totalPrice: number; userId: string; resourceId: string; approvedBy: string; approvedAt: Date; }'.

[7m110[0m         .map(booking => booking.staffId)
[7m   [0m [91m                                ~~~~~~~[0m

[96msrc/staff/staff.service.ts[0m:[93m128[0m:[93m7[0m - [91merror[0m[90m TS2322: [0mType '{ activities: { include: { activity: true; }; }; }' is not assignable to type 'never'.

[7m128[0m       include: {
[7m   [0m [91m      ~~~~~~~[0m

  [96msrc/staff/staff.service.ts[0m:[93m128[0m:[93m7[0m
    [7m128[0m       include: {
    [7m   [0m [96m      ~~~~~~~~~~[0m
    [7m129[0m         activities: {
    [7m   [0m [96m~~~~~~~~~~~~~~~~~~~~~[0m
    [7m...[0m 
    [7m133[0m         },
    [7m   [0m [96m~~~~~~~~~~[0m
    [7m134[0m       },
    [7m   [0m [96m~~~~~~~[0m
    The expected type comes from property 'include' which is declared here on type '{ where: any; include: never; }'

[96msrc/staff/staff.service.ts[0m:[93m139[0m:[93m24[0m - [91merror[0m[90m TS2339: [0mProperty 'staffActivity' does not exist on type 'PrismaService'.

[7m139[0m     return this.prisma.staffActivity.create({
[7m   [0m [91m                       ~~~~~~~~~~~~~[0m

[96msrc/staff/staff.service.ts[0m:[93m149[0m:[93m24[0m - [91merror[0m[90m TS2339: [0mProperty 'staffActivity' does not exist on type 'PrismaService'.

[7m149[0m     return this.prisma.staffActivity.deleteMany({
[7m   [0m [91m                       ~~~~~~~~~~~~~[0m

[96msrc/staff/staff.service.ts[0m:[93m158[0m:[93m24[0m - [91merror[0m[90m TS2339: [0mProperty 'staffActivity' does not exist on type 'PrismaService'.

[7m158[0m     return this.prisma.staffActivity.findMany({
[7m   [0m [91m                       ~~~~~~~~~~~~~[0m

[[90m3:17:20 PM[0m] Found 50 errors. Watching for file changes.

[32m[Nest] 27973  - [39m04/08/2026, 3:17:20 PM [32m    LOG[39m [38;5;3m[NestFactory] [39m[32mStarting Nest application...[39m
[32m[Nest] 27973  - [39m04/08/2026, 3:17:21 PM [32m    LOG[39m [38;5;3m[InstanceLoader] [39m[32mAppModule dependencies initialized[39m[38;5;3m +28ms[39m
[32m[Nest] 27973  - [39m04/08/2026, 3:17:21 PM [32m    LOG[39m [38;5;3m[InstanceLoader] [39m[32mPrismaModule dependencies initialized[39m[38;5;3m +1ms[39m
[32m[Nest] 27973  - [39m04/08/2026, 3:17:21 PM [32m    LOG[39m [38;5;3m[InstanceLoader] [39m[32mPassportModule dependencies initialized[39m[38;5;3m +0ms[39m
[32m[Nest] 27973  - [39m04/08/2026, 3:17:21 PM [32m    LOG[39m [38;5;3m[InstanceLoader] [39m[32mWebsocketModule dependencies initialized[39m[38;5;3m +0ms[39m
[32m[Nest] 27973  - [39m04/08/2026, 3:17:21 PM [32m    LOG[39m [38;5;3m[InstanceLoader] [39m[32mConfigHostModule dependencies initialized[39m[38;5;3m +0ms[39m
[32m[Nest] 27973  - [39m04/08/2026, 3:17:21 PM [32m    LOG[39m [38;5;3m[InstanceLoader] [39m[32mJwtModule dependencies initialized[39m[38;5;3m +1ms[39m
[32m[Nest] 27973  - [39m04/08/2026, 3:17:21 PM [32m    LOG[39m [38;5;3m[InstanceLoader] [39m[32mConfigModule dependencies initialized[39m[38;5;3m +0ms[39m
[32m[Nest] 27973  - [39m04/08/2026, 3:17:21 PM [32m    LOG[39m [38;5;3m[InstanceLoader] [39m[32mUsersModule dependencies initialized[39m[38;5;3m +0ms[39m
[32m[Nest] 27973  - [39m04/08/2026, 3:17:21 PM [32m    LOG[39m [38;5;3m[InstanceLoader] [39m[32mActivitiesModule dependencies initialized[39m[38;5;3m +1ms[39m
[32m[Nest] 27973  - [39m04/08/2026, 3:17:21 PM [32m    LOG[39m [38;5;3m[InstanceLoader] [39m[32mResourcesModule dependencies initialized[39m[38;5;3m +0ms[39m
[32m[Nest] 27973  - [39m04/08/2026, 3:17:21 PM [32m    LOG[39m [38;5;3m[InstanceLoader] [39m[32mNotificationsModule dependencies initialized[39m[38;5;3m +0ms[39m
[32m[Nest] 27973  - [39m04/08/2026, 3:17:21 PM [32m    LOG[39m [38;5;3m[InstanceLoader] [39m[32mAdminModule dependencies initialized[39m[38;5;3m +0ms[39m
[32m[Nest] 27973  - [39m04/08/2026, 3:17:21 PM [32m    LOG[39m [38;5;3m[InstanceLoader] [39m[32mBookingsModule dependencies initialized[39m[38;5;3m +1ms[39m
[32m[Nest] 27973  - [39m04/08/2026, 3:17:21 PM [32m    LOG[39m [38;5;3m[InstanceLoader] [39m[32mStaffModule dependencies initialized[39m[38;5;3m +0ms[39m
[32m[Nest] 27973  - [39m04/08/2026, 3:17:21 PM [32m    LOG[39m [38;5;3m[InstanceLoader] [39m[32mPricingModule dependencies initialized[39m[38;5;3m +0ms[39m
[32m[Nest] 27973  - [39m04/08/2026, 3:17:21 PM [32m    LOG[39m [38;5;3m[InstanceLoader] [39m[32mAuthModule dependencies initialized[39m[38;5;3m +0ms[39m
[32m[Nest] 27973  - [39m04/08/2026, 3:17:21 PM [32m    LOG[39m [38;5;3m[WebSocketsController] [39m[32mWebsocketGateway subscribed to the "join-room" message[39m[38;5;3m +65ms[39m
[32m[Nest] 27973  - [39m04/08/2026, 3:17:21 PM [32m    LOG[39m [38;5;3m[WebSocketsController] [39m[32mWebsocketGateway subscribed to the "leave-room" message[39m[38;5;3m +0ms[39m
[32m[Nest] 27973  - [39m04/08/2026, 3:17:21 PM [32m    LOG[39m [38;5;3m[WebSocketsController] [39m[32mWebsocketGateway subscribed to the "booking-update" message[39m[38;5;3m +0ms[39m
[32m[Nest] 27973  - [39m04/08/2026, 3:17:21 PM [32m    LOG[39m [38;5;3m[WebSocketsController] [39m[32mWebsocketGateway subscribed to the "activity-update" message[39m[38;5;3m +0ms[39m
[32m[Nest] 27973  - [39m04/08/2026, 3:17:21 PM [32m    LOG[39m [38;5;3m[WebSocketsController] [39m[32mWebsocketGateway subscribed to the "notification" message[39m[38;5;3m +0ms[39m
[32m[Nest] 27973  - [39m04/08/2026, 3:17:21 PM [32m    LOG[39m [38;5;3m[RoutesResolver] [39m[32mAuthController {/auth}:[39m[38;5;3m +1ms[39m
[32m[Nest] 27973  - [39m04/08/2026, 3:17:21 PM [32m    LOG[39m [38;5;3m[RouterExplorer] [39m[32mMapped {/auth/register, POST} route[39m[38;5;3m +2ms[39m
[32m[Nest] 27973  - [39m04/08/2026, 3:17:21 PM [32m    LOG[39m [38;5;3m[RouterExplorer] [39m[32mMapped {/auth/login, POST} route[39m[38;5;3m +1ms[39m
[32m[Nest] 27973  - [39m04/08/2026, 3:17:21 PM [32m    LOG[39m [38;5;3m[RouterExplorer] [39m[32mMapped {/auth/profile, GET} route[39m[38;5;3m +0ms[39m
[32m[Nest] 27973  - [39m04/08/2026, 3:17:21 PM [32m    LOG[39m [38;5;3m[RouterExplorer] [39m[32mMapped {/auth/profile, PUT} route[39m[38;5;3m +1ms[39m
[32m[Nest] 27973  - [39m04/08/2026, 3:17:21 PM [32m    LOG[39m [38;5;3m[RouterExplorer] [39m[32mMapped {/auth/refresh, POST} route[39m[38;5;3m +0ms[39m
[32m[Nest] 27973  - [39m04/08/2026, 3:17:21 PM [32m    LOG[39m [38;5;3m[RoutesResolver] [39m[32mUsersController {/users}:[39m[38;5;3m +0ms[39m
[32m[Nest] 27973  - [39m04/08/2026, 3:17:21 PM [32m    LOG[39m [38;5;3m[RouterExplorer] [39m[32mMapped {/users, GET} route[39m[38;5;3m +1ms[39m
[32m[Nest] 27973  - [39m04/08/2026, 3:17:21 PM [32m    LOG[39m [38;5;3m[RouterExplorer] [39m[32mMapped {/users/:id, GET} route[39m[38;5;3m +1ms[39m
[32m[Nest] 27973  - [39m04/08/2026, 3:17:21 PM [32m    LOG[39m [38;5;3m[RouterExplorer] [39m[32mMapped {/users, POST} route[39m[38;5;3m +0ms[39m
[32m[Nest] 27973  - [39m04/08/2026, 3:17:21 PM [32m    LOG[39m [38;5;3m[RouterExplorer] [39m[32mMapped {/users/:id, PUT} route[39m[38;5;3m +1ms[39m
[32m[Nest] 27973  - [39m04/08/2026, 3:17:21 PM [32m    LOG[39m [38;5;3m[RouterExplorer] [39m[32mMapped {/users/:id, DELETE} route[39m[38;5;3m +0ms[39m
[32m[Nest] 27973  - [39m04/08/2026, 3:17:21 PM [32m    LOG[39m [38;5;3m[RoutesResolver] [39m[32mActivitiesController {/activities}:[39m[38;5;3m +0ms[39m
[32m[Nest] 27973  - [39m04/08/2026, 3:17:21 PM [32m    LOG[39m [38;5;3m[RouterExplorer] [39m[32mMapped {/activities, POST} route[39m[38;5;3m +1ms[39m
[32m[Nest] 27973  - [39m04/08/2026, 3:17:21 PM [32m    LOG[39m [38;5;3m[RouterExplorer] [39m[32mMapped {/activities, GET} route[39m[38;5;3m +0ms[39m
[32m[Nest] 27973  - [39m04/08/2026, 3:17:21 PM [32m    LOG[39m [38;5;3m[RouterExplorer] [39m[32mMapped {/activities/:id, GET} route[39m[38;5;3m +0ms[39m
[32m[Nest] 27973  - [39m04/08/2026, 3:17:21 PM [32m    LOG[39m [38;5;3m[RouterExplorer] [39m[32mMapped {/activities/:id, PUT} route[39m[38;5;3m +0ms[39m
[32m[Nest] 27973  - [39m04/08/2026, 3:17:21 PM [32m    LOG[39m [38;5;3m[RouterExplorer] [39m[32mMapped {/activities/:id, DELETE} route[39m[38;5;3m +1ms[39m
[32m[Nest] 27973  - [39m04/08/2026, 3:17:21 PM [32m    LOG[39m [38;5;3m[RoutesResolver] [39m[32mResourcesController {/resources}:[39m[38;5;3m +0ms[39m
[32m[Nest] 27973  - [39m04/08/2026, 3:17:21 PM [32m    LOG[39m [38;5;3m[RouterExplorer] [39m[32mMapped {/resources, POST} route[39m[38;5;3m +0ms[39m
[32m[Nest] 27973  - [39m04/08/2026, 3:17:21 PM [32m    LOG[39m [38;5;3m[RouterExplorer] [39m[32mMapped {/resources, GET} route[39m[38;5;3m +0ms[39m
[32m[Nest] 27973  - [39m04/08/2026, 3:17:21 PM [32m    LOG[39m [38;5;3m[RouterExplorer] [39m[32mMapped {/resources/:id, GET} route[39m[38;5;3m +1ms[39m
[32m[Nest] 27973  - [39m04/08/2026, 3:17:21 PM [32m    LOG[39m [38;5;3m[RouterExplorer] [39m[32mMapped {/resources/:id, PUT} route[39m[38;5;3m +0ms[39m
[32m[Nest] 27973  - [39m04/08/2026, 3:17:21 PM [32m    LOG[39m [38;5;3m[RouterExplorer] [39m[32mMapped {/resources/:id, DELETE} route[39m[38;5;3m +0ms[39m
[32m[Nest] 27973  - [39m04/08/2026, 3:17:21 PM [32m    LOG[39m [38;5;3m[RoutesResolver] [39m[32mBookingsController {/bookings}:[39m[38;5;3m +0ms[39m
[32m[Nest] 27973  - [39m04/08/2026, 3:17:21 PM [32m    LOG[39m [38;5;3m[RouterExplorer] [39m[32mMapped {/bookings, POST} route[39m[38;5;3m +1ms[39m
[32m[Nest] 27973  - [39m04/08/2026, 3:17:21 PM [32m    LOG[39m [38;5;3m[RouterExplorer] [39m[32mMapped {/bookings, GET} route[39m[38;5;3m +0ms[39m
[32m[Nest] 27973  - [39m04/08/2026, 3:17:21 PM [32m    LOG[39m [38;5;3m[RouterExplorer] [39m[32mMapped {/bookings/:id, GET} route[39m[38;5;3m +0ms[39m
[32m[Nest] 27973  - [39m04/08/2026, 3:17:21 PM [32m    LOG[39m [38;5;3m[RouterExplorer] [39m[32mMapped {/bookings/:id, PUT} route[39m[38;5;3m +0ms[39m
[32m[Nest] 27973  - [39m04/08/2026, 3:17:21 PM [32m    LOG[39m [38;5;3m[RouterExplorer] [39m[32mMapped {/bookings/:id, DELETE} route[39m[38;5;3m +1ms[39m
[32m[Nest] 27973  - [39m04/08/2026, 3:17:21 PM [32m    LOG[39m [38;5;3m[RoutesResolver] [39m[32mNotificationsController {/notifications}:[39m[38;5;3m +0ms[39m
[32m[Nest] 27973  - [39m04/08/2026, 3:17:21 PM [32m    LOG[39m [38;5;3m[RouterExplorer] [39m[32mMapped {/notifications, POST} route[39m[38;5;3m +0ms[39m
[32m[Nest] 27973  - [39m04/08/2026, 3:17:21 PM [32m    LOG[39m [38;5;3m[RouterExplorer] [39m[32mMapped {/notifications, GET} route[39m[38;5;3m +0ms[39m
[32m[Nest] 27973  - [39m04/08/2026, 3:17:21 PM [32m    LOG[39m [38;5;3m[RouterExplorer] [39m[32mMapped {/notifications/unread-count/:userId, GET} route[39m[38;5;3m +1ms[39m
[32m[Nest] 27973  - [39m04/08/2026, 3:17:21 PM [32m    LOG[39m [38;5;3m[RouterExplorer] [39m[32mMapped {/notifications/:id, GET} route[39m[38;5;3m +0ms[39m
[32m[Nest] 27973  - [39m04/08/2026, 3:17:21 PM [32m    LOG[39m [38;5;3m[RouterExplorer] [39m[32mMapped {/notifications/:id, PUT} route[39m[38;5;3m +0ms[39m
[32m[Nest] 27973  - [39m04/08/2026, 3:17:21 PM [32m    LOG[39m [38;5;3m[RouterExplorer] [39m[32mMapped {/notifications/:id/read, PUT} route[39m[38;5;3m +1ms[39m
[32m[Nest] 27973  - [39m04/08/2026, 3:17:21 PM [32m    LOG[39m [38;5;3m[RouterExplorer] [39m[32mMapped {/notifications/read-all/:userId, PUT} route[39m[38;5;3m +0ms[39m
[32m[Nest] 27973  - [39m04/08/2026, 3:17:21 PM [32m    LOG[39m [38;5;3m[RouterExplorer] [39m[32mMapped {/notifications/:id, DELETE} route[39m[38;5;3m +0ms[39m
[32m[Nest] 27973  - [39m04/08/2026, 3:17:21 PM [32m    LOG[39m [38;5;3m[RoutesResolver] [39m[32mStaffController {/staff}:[39m[38;5;3m +0ms[39m
[32m[Nest] 27973  - [39m04/08/2026, 3:17:21 PM [32m    LOG[39m [38;5;3m[RouterExplorer] [39m[32mMapped {/staff, POST} route[39m[38;5;3m +0ms[39m
[32m[Nest] 27973  - [39m04/08/2026, 3:17:21 PM [32m    LOG[39m [38;5;3m[RouterExplorer] [39m[32mMapped {/staff, GET} route[39m[38;5;3m +1ms[39m
[32m[Nest] 27973  - [39m04/08/2026, 3:17:21 PM [32m    LOG[39m [38;5;3m[RouterExplorer] [39m[32mMapped {/staff/available, GET} route[39m[38;5;3m +0ms[39m
[32m[Nest] 27973  - [39m04/08/2026, 3:17:21 PM [32m    LOG[39m [38;5;3m[RouterExplorer] [39m[32mMapped {/staff/:id, GET} route[39m[38;5;3m +0ms[39m
[32m[Nest] 27973  - [39m04/08/2026, 3:17:21 PM [32m    LOG[39m [38;5;3m[RouterExplorer] [39m[32mMapped {/staff/:id, PATCH} route[39m[38;5;3m +1ms[39m
[32m[Nest] 27973  - [39m04/08/2026, 3:17:21 PM [32m    LOG[39m [38;5;3m[RouterExplorer] [39m[32mMapped {/staff/:id, DELETE} route[39m[38;5;3m +0ms[39m
[32m[Nest] 27973  - [39m04/08/2026, 3:17:21 PM [32m    LOG[39m [38;5;3m[RouterExplorer] [39m[32mMapped {/staff/:staffId/assign/:activityId, POST} route[39m[38;5;3m +0ms[39m
[32m[Nest] 27973  - [39m04/08/2026, 3:17:21 PM [32m    LOG[39m [38;5;3m[RouterExplorer] [39m[32mMapped {/staff/:staffId/assign/:activityId, DELETE} route[39m[38;5;3m +1ms[39m
[32m[Nest] 27973  - [39m04/08/2026, 3:17:21 PM [32m    LOG[39m [38;5;3m[RouterExplorer] [39m[32mMapped {/staff/activity/:activityId, GET} route[39m[38;5;3m +0ms[39m
[32m[Nest] 27973  - [39m04/08/2026, 3:17:21 PM [32m    LOG[39m [38;5;3m[RoutesResolver] [39m[32mAdminBookingsController {/admin/bookings}:[39m[38;5;3m +0ms[39m
[32m[Nest] 27973  - [39m04/08/2026, 3:17:21 PM [32m    LOG[39m [38;5;3m[RouterExplorer] [39m[32mMapped {/admin/bookings, GET} route[39m[38;5;3m +1ms[39m
[32m[Nest] 27973  - [39m04/08/2026, 3:17:21 PM [32m    LOG[39m [38;5;3m[RouterExplorer] [39m[32mMapped {/admin/bookings/pending, GET} route[39m[38;5;3m +0ms[39m
[32m[Nest] 27973  - [39m04/08/2026, 3:17:21 PM [32m    LOG[39m [38;5;3m[RouterExplorer] [39m[32mMapped {/admin/bookings/dashboard, GET} route[39m[38;5;3m +0ms[39m
[32m[Nest] 27973  - [39m04/08/2026, 3:17:21 PM [32m    LOG[39m [38;5;3m[RouterExplorer] [39m[32mMapped {/admin/bookings/:id/approve, POST} route[39m[38;5;3m +1ms[39m
[32m[Nest] 27973  - [39m04/08/2026, 3:17:21 PM [32m    LOG[39m [38;5;3m[RouterExplorer] [39m[32mMapped {/admin/bookings/:id/reject, POST} route[39m[38;5;3m +0ms[39m
[32m[Nest] 27973  - [39m04/08/2026, 3:17:21 PM [32m    LOG[39m [38;5;3m[RouterExplorer] [39m[32mMapped {/admin/bookings/:id/assign-staff, POST} route[39m[38;5;3m +0ms[39m
[32m[Nest] 27973  - [39m04/08/2026, 3:17:21 PM [32m    LOG[39m [38;5;3m[RouterExplorer] [39m[32mMapped {/admin/bookings/:id/availability, GET} route[39m[38;5;3m +0ms[39m
[32m[Nest] 27973  - [39m04/08/2026, 3:17:21 PM [32m    LOG[39m [38;5;3m[RouterExplorer] [39m[32mMapped {/admin/bookings/staff/available, GET} route[39m[38;5;3m +0ms[39m
[32m[Nest] 27973  - [39m04/08/2026, 3:17:21 PM [32m    LOG[39m [38;5;3m[RoutesResolver] [39m[32mPricingController {/pricing}:[39m[38;5;3m +0ms[39m
[32m[Nest] 27973  - [39m04/08/2026, 3:17:21 PM [32m    LOG[39m [38;5;3m[RouterExplorer] [39m[32mMapped {/pricing, POST} route[39m[38;5;3m +1ms[39m
[32m[Nest] 27973  - [39m04/08/2026, 3:17:21 PM [32m    LOG[39m [38;5;3m[RouterExplorer] [39m[32mMapped {/pricing, GET} route[39m[38;5;3m +0ms[39m
[32m[Nest] 27973  - [39m04/08/2026, 3:17:21 PM [32m    LOG[39m [38;5;3m[RouterExplorer] [39m[32mMapped {/pricing/activity/:activityId, GET} route[39m[38;5;3m +0ms[39m
[32m[Nest] 27973  - [39m04/08/2026, 3:17:21 PM [32m    LOG[39m [38;5;3m[RouterExplorer] [39m[32mMapped {/pricing/calculate/:activityId, GET} route[39m[38;5;3m +0ms[39m
[32m[Nest] 27973  - [39m04/08/2026, 3:17:21 PM [32m    LOG[39m [38;5;3m[RouterExplorer] [39m[32mMapped {/pricing/:id, GET} route[39m[38;5;3m +1ms[39m
[32m[Nest] 27973  - [39m04/08/2026, 3:17:21 PM [32m    LOG[39m [38;5;3m[RouterExplorer] [39m[32mMapped {/pricing/:id, PUT} route[39m[38;5;3m +0ms[39m
[32m[Nest] 27973  - [39m04/08/2026, 3:17:21 PM [32m    LOG[39m [38;5;3m[RouterExplorer] [39m[32mMapped {/pricing/:id, DELETE} route[39m[38;5;3m +0ms[39m
[32m[Nest] 27973  - [39m04/08/2026, 3:17:21 PM [32m    LOG[39m [38;5;3m[PrismaService] [39m[32mDatabase connected[39m
[32m[Nest] 27973  - [39m04/08/2026, 3:17:21 PM [32m    LOG[39m [38;5;3m[NestApplication] [39m[32mNest application successfully started[39m[38;5;3m +2ms[39m
[31m[Nest] 27973  - [39m04/08/2026, 3:17:21 PM [31m  ERROR[39m [38;5;3m[NestApplication] [39m[31mError: listen EADDRINUSE: address already in use :::3010[39m[38;5;3m +3ms[39m
node:net:1948
    const ex = new UVExceptionWithHostPort(err, 'listen', address, port);
               ^

Error: listen EADDRINUSE: address already in use :::3010
    at Server.setupListenHandle [as _listen2] (node:net:1948:16)
    at listenInCluster (node:net:2005:12)
    at Server.listen (node:net:2110:7)
    at ExpressAdapter.listen (/home/ed/CascadeProjects/activity-booking-platform/node_modules/@nestjs/platform-express/adapters/express-adapter.js:115:32)
    at /home/ed/CascadeProjects/activity-booking-platform/node_modules/@nestjs/core/nest-application.js:188:30
    at new Promise (<anonymous>)
    at NestApplication.listen (/home/ed/CascadeProjects/activity-booking-platform/node_modules/@nestjs/core/nest-application.js:178:16)
    at async bootstrap (/home/ed/CascadeProjects/activity-booking-platform/src/main.ts:46:3) {
  code: 'EADDRINUSE',
  errno: -98,
  syscall: 'listen',
  address: '::',
  port: 3010
}

Node.js v24.14.1
[2J[3J[H[[90m3:17:30 PM[0m] File change detected. Starting incremental compilation...

[96msrc/activities/activities.service.ts[0m:[93m10[0m:[93m24[0m - [91merror[0m[90m TS2339: [0mProperty 'activity' does not exist on type 'PrismaService'.

[7m10[0m     return this.prisma.activity.findMany({
[7m  [0m [91m                       ~~~~~~~~[0m

[96msrc/activities/activities.service.ts[0m:[93m24[0m:[93m24[0m - [91merror[0m[90m TS2339: [0mProperty 'activity' does not exist on type 'PrismaService'.

[7m24[0m     return this.prisma.activity.findUnique({
[7m  [0m [91m                       ~~~~~~~~[0m

[96msrc/activities/activities.service.ts[0m:[93m34[0m:[93m24[0m - [91merror[0m[90m TS2339: [0mProperty 'activity' does not exist on type 'PrismaService'.

[7m34[0m     return this.prisma.activity.create({
[7m  [0m [91m                       ~~~~~~~~[0m

[96msrc/activities/activities.service.ts[0m:[93m43[0m:[93m24[0m - [91merror[0m[90m TS2339: [0mProperty 'activity' does not exist on type 'PrismaService'.

[7m43[0m     return this.prisma.activity.update({
[7m  [0m [91m                       ~~~~~~~~[0m

[96msrc/activities/activities.service.ts[0m:[93m53[0m:[93m24[0m - [91merror[0m[90m TS2339: [0mProperty 'activity' does not exist on type 'PrismaService'.

[7m53[0m     return this.prisma.activity.update({
[7m  [0m [91m                       ~~~~~~~~[0m

[96msrc/activities/activities.service.ts[0m:[93m60[0m:[93m24[0m - [91merror[0m[90m TS2339: [0mProperty 'activity' does not exist on type 'PrismaService'.

[7m60[0m     return this.prisma.activity.findMany({
[7m  [0m [91m                       ~~~~~~~~[0m

[96msrc/activities/activities.service.ts[0m:[93m69[0m:[93m24[0m - [91merror[0m[90m TS2339: [0mProperty 'activity' does not exist on type 'PrismaService'.

[7m69[0m     return this.prisma.activity.findMany({
[7m  [0m [91m                       ~~~~~~~~[0m

[96msrc/admin/admin-bookings.controller.ts[0m:[93m120[0m:[93m15[0m - [91merror[0m[90m TS2551: [0mProperty 'activityId' does not exist on type '{ user: { email: string; password: string; name: string; role: Role; id: string; createdAt: Date; updatedAt: Date; }; staff: never; activity: never; resources: never; } & { id: string; ... 11 more ...; approvedAt: Date; }'. Did you mean 'activity'?

[7m120[0m       booking.activityId,
[7m   [0m [91m              ~~~~~~~~~~[0m

[96msrc/bookings/bookings.service.ts[0m:[93m83[0m:[93m40[0m - [91merror[0m[90m TS2339: [0mProperty 'activity' does not exist on type 'PrismaService'.

[7m83[0m     const activity = await this.prisma.activity.findUnique({
[7m  [0m [91m                                       ~~~~~~~~[0m

[96msrc/bookings/bookings.service.ts[0m:[93m150[0m:[93m9[0m - [91merror[0m[90m TS2353: [0mObject literal may only specify known properties, and 'activityId' does not exist in type '(Without<BookingCreateInput, BookingUncheckedCreateInput> & BookingUncheckedCreateInput) | (Without<...> & BookingCreateInput)'.

[7m150[0m         activityId: data.activityId,
[7m   [0m [91m        ~~~~~~~~~~[0m

  [96mgenerated/prisma/models/Booking.ts[0m:[93m1658[0m:[93m3[0m
    [7m1658[0m   data: Prisma.XOR<Prisma.BookingCreateInput, Prisma.BookingUncheckedCreateInput>
    [7m    [0m [96m  ~~~~[0m
    The expected type comes from property 'data' which is declared here on type '{ select?: BookingSelect<DefaultArgs>; omit?: BookingOmit<DefaultArgs>; include?: BookingInclude<DefaultArgs>; data: (Without<...> & BookingUncheckedCreateInput) | (Without<...> & BookingCreateInput); }'

[96msrc/bookings/bookings.service.ts[0m:[93m164[0m:[93m9[0m - [91merror[0m[90m TS2353: [0mObject literal may only specify known properties, and 'activity' does not exist in type 'BookingInclude<DefaultArgs>'.

[7m164[0m         activity: true,
[7m   [0m [91m        ~~~~~~~~[0m

  [96mgenerated/prisma/models/Booking.ts[0m:[93m1654[0m:[93m3[0m
    [7m1654[0m   include?: Prisma.BookingInclude<ExtArgs> | null
    [7m    [0m [96m  ~~~~~~~[0m
    The expected type comes from property 'include' which is declared here on type '{ select?: BookingSelect<DefaultArgs>; omit?: BookingOmit<DefaultArgs>; include?: BookingInclude<DefaultArgs>; data: (Without<...> & BookingUncheckedCreateInput) | (Without<...> & BookingCreateInput); }'

[96msrc/bookings/bookings.service.ts[0m:[93m177[0m:[93m25[0m - [91merror[0m[90m TS2339: [0mProperty 'bookingResource' does not exist on type 'PrismaService'.

[7m177[0m       await this.prisma.bookingResource.createMany({
[7m   [0m [91m                        ~~~~~~~~~~~~~~~[0m

[96msrc/bookings/bookings.service.ts[0m:[93m195[0m:[93m25[0m - [91merror[0m[90m TS2551: [0mProperty 'activityId' does not exist on type '{ user: { email: string; password: string; name: string; role: Role; id: string; createdAt: Date; updatedAt: Date; }; staff: never; activity: never; resources: never; } & { id: string; ... 11 more ...; approvedAt: Date; }'. Did you mean 'activity'?

[7m195[0m         existingBooking.activityId,
[7m   [0m [91m                        ~~~~~~~~~~[0m

[96msrc/bookings/bookings.service.ts[0m:[93m198[0m:[93m25[0m - [91merror[0m[90m TS2551: [0mProperty 'resourceUnits' does not exist on type '{ user: { email: string; password: string; name: string; role: Role; id: string; createdAt: Date; updatedAt: Date; }; staff: never; activity: never; resources: never; } & { id: string; ... 11 more ...; approvedAt: Date; }'. Did you mean 'resources'?

[7m198[0m         existingBooking.resourceUnits,
[7m   [0m [91m                        ~~~~~~~~~~~~~[0m

[96msrc/bookings/bookings.service.ts[0m:[93m230[0m:[93m9[0m - [91merror[0m[90m TS2353: [0mObject literal may only specify known properties, and 'activity' does not exist in type 'BookingInclude<DefaultArgs>'.

[7m230[0m         activity: true,
[7m   [0m [91m        ~~~~~~~~[0m

  [96mgenerated/prisma/models/Booking.ts[0m:[93m1602[0m:[93m3[0m
    [7m1602[0m   include?: Prisma.BookingInclude<ExtArgs> | null
    [7m    [0m [96m  ~~~~~~~[0m
    The expected type comes from property 'include' which is declared here on type '{ select?: BookingSelect<DefaultArgs>; omit?: BookingOmit<DefaultArgs>; include?: BookingInclude<DefaultArgs>; ... 5 more ...; distinct?: BookingScalarFieldEnum | BookingScalarFieldEnum[]; }'

[96msrc/bookings/bookings.service.ts[0m:[93m246[0m:[93m16[0m - [91merror[0m[90m TS2353: [0mObject literal may only specify known properties, and 'activityId' does not exist in type 'BookingWhereInput'.

[7m246[0m       where: { activityId },
[7m   [0m [91m               ~~~~~~~~~~[0m

  [96mgenerated/prisma/models/Booking.ts[0m:[93m1606[0m:[93m3[0m
    [7m1606[0m   where?: Prisma.BookingWhereInput
    [7m    [0m [96m  ~~~~~[0m
    The expected type comes from property 'where' which is declared here on type '{ select?: BookingSelect<DefaultArgs>; omit?: BookingOmit<DefaultArgs>; include?: BookingInclude<DefaultArgs>; ... 5 more ...; distinct?: BookingScalarFieldEnum | BookingScalarFieldEnum[]; }'

[96msrc/bookings/bookings.service.ts[0m:[93m251[0m:[93m9[0m - [91merror[0m[90m TS2353: [0mObject literal may only specify known properties, and 'staff' does not exist in type 'BookingInclude<DefaultArgs>'.

[7m251[0m         staff: true,
[7m   [0m [91m        ~~~~~[0m

  [96mgenerated/prisma/models/Booking.ts[0m:[93m1602[0m:[93m3[0m
    [7m1602[0m   include?: Prisma.BookingInclude<ExtArgs> | null
    [7m    [0m [96m  ~~~~~~~[0m
    The expected type comes from property 'include' which is declared here on type '{ select?: BookingSelect<DefaultArgs>; omit?: BookingOmit<DefaultArgs>; include?: BookingInclude<DefaultArgs>; ... 5 more ...; distinct?: BookingScalarFieldEnum | BookingScalarFieldEnum[]; }'

[96msrc/bookings/bookings.service.ts[0m:[93m281[0m:[93m35[0m - [91merror[0m[90m TS2322: [0mType '"CONFIRMED"' is not assignable to type 'BookingStatus'.

[7m281[0m         status: { in: ['PENDING', 'CONFIRMED'] }
[7m   [0m [91m                                  ~~~~~~~~~~~[0m

[96msrc/bookings/bookings.service.ts[0m:[93m287[0m:[93m9[0m - [91merror[0m[90m TS2353: [0mObject literal may only specify known properties, and 'activity' does not exist in type 'BookingInclude<DefaultArgs>'.

[7m287[0m         activity: true,
[7m   [0m [91m        ~~~~~~~~[0m

  [96mgenerated/prisma/models/Booking.ts[0m:[93m1602[0m:[93m3[0m
    [7m1602[0m   include?: Prisma.BookingInclude<ExtArgs> | null
    [7m    [0m [96m  ~~~~~~~[0m
    The expected type comes from property 'include' which is declared here on type '{ select?: BookingSelect<DefaultArgs>; omit?: BookingOmit<DefaultArgs>; include?: BookingInclude<DefaultArgs>; ... 5 more ...; distinct?: BookingScalarFieldEnum | BookingScalarFieldEnum[]; }'

[96msrc/bookings/bookings.service.ts[0m:[93m300[0m:[93m9[0m - [91merror[0m[90m TS2322: [0mType '"CONFIRMED"' is not assignable to type 'BookingStatus | EnumBookingStatusFieldUpdateOperationsInput'.

[7m300[0m         status: 'CONFIRMED',
[7m   [0m [91m        ~~~~~~[0m

  [96mgenerated/prisma/models/Booking.ts[0m:[93m425[0m:[93m3[0m
    [7m425[0m   status?: Prisma.EnumBookingStatusFieldUpdateOperationsInput | $Enums.BookingStatus
    [7m   [0m [96m  ~~~~~~[0m
    The expected type comes from property 'status' which is declared here on type '(Without<BookingUpdateInput, BookingUncheckedUpdateInput> & BookingUncheckedUpdateInput) | (Without<...> & BookingUpdateInput)'

[96msrc/bookings/bookings.service.ts[0m:[93m306[0m:[93m9[0m - [91merror[0m[90m TS2353: [0mObject literal may only specify known properties, and 'activity' does not exist in type 'BookingInclude<DefaultArgs>'.

[7m306[0m         activity: true,
[7m   [0m [91m        ~~~~~~~~[0m

  [96mgenerated/prisma/models/Booking.ts[0m:[93m1710[0m:[93m3[0m
    [7m1710[0m   include?: Prisma.BookingInclude<ExtArgs> | null
    [7m    [0m [96m  ~~~~~~~[0m
    The expected type comes from property 'include' which is declared here on type '{ select?: BookingSelect<DefaultArgs>; omit?: BookingOmit<DefaultArgs>; include?: BookingInclude<DefaultArgs>; data: (Without<...> & BookingUncheckedUpdateInput) | (Without<...> & BookingUpdateInput); where: BookingWhereUniqueInput; }'

[96msrc/bookings/bookings.service.ts[0m:[93m333[0m:[93m40[0m - [91merror[0m[90m TS2339: [0mProperty 'activity' does not exist on type 'PrismaService'.

[7m333[0m     const activity = await this.prisma.activity.findUnique({
[7m   [0m [91m                                       ~~~~~~~~[0m

[96msrc/bookings/bookings.service.ts[0m:[93m375[0m:[93m40[0m - [91merror[0m[90m TS2339: [0mProperty 'activity' does not exist on type 'PrismaService'.

[7m375[0m     const activity = await this.prisma.activity.findUnique({
[7m   [0m [91m                                       ~~~~~~~~[0m

[96msrc/bookings/bookings.service.ts[0m:[93m432[0m:[93m9[0m - [91merror[0m[90m TS2561: [0mObject literal may only specify known properties, but 'resources' does not exist in type 'BookingInclude<DefaultArgs>'. Did you mean to write 'resource'?

[7m432[0m         resources: {
[7m   [0m [91m        ~~~~~~~~~[0m

  [96mgenerated/prisma/models/Booking.ts[0m:[93m1602[0m:[93m3[0m
    [7m1602[0m   include?: Prisma.BookingInclude<ExtArgs> | null
    [7m    [0m [96m  ~~~~~~~[0m
    The expected type comes from property 'include' which is declared here on type '{ select?: BookingSelect<DefaultArgs>; omit?: BookingOmit<DefaultArgs>; include?: BookingInclude<DefaultArgs>; ... 5 more ...; distinct?: BookingScalarFieldEnum | BookingScalarFieldEnum[]; }'

[96msrc/bookings/bookings.service.ts[0m:[93m439[0m:[93m39[0m - [91merror[0m[90m TS2551: [0mProperty 'resources' does not exist on type '{ id: string; createdAt: Date; updatedAt: Date; quantity: number; startTime: Date; endTime: Date; notes: string; status: BookingStatus; totalPrice: number; userId: string; resourceId: string; approvedBy: string; approvedAt: Date; }'. Did you mean 'resourceId'?

[7m439[0m       const bookingResource = booking.resources.find(r => r.resourceId === resourceId);
[7m   [0m [91m                                      ~~~~~~~~~[0m

[96msrc/bookings/bookings.service.ts[0m:[93m454[0m:[93m35[0m - [91merror[0m[90m TS2322: [0mType '"CONFIRMED"' is not assignable to type 'BookingStatus'.

[7m454[0m         status: { in: ['PENDING', 'CONFIRMED'] }
[7m   [0m [91m                                  ~~~~~~~~~~~[0m

[96msrc/bookings/bookings.service.ts[0m:[93m478[0m:[93m7[0m - [91merror[0m[90m TS2322: [0mType '{ activities: { include: { activity: true; }; }; }' is not assignable to type 'never'.

[7m478[0m       include: {
[7m   [0m [91m      ~~~~~~~[0m

  [96msrc/bookings/bookings.service.ts[0m:[93m478[0m:[93m7[0m
    [7m478[0m       include: {
    [7m   [0m [96m      ~~~~~~~~~~[0m
    [7m479[0m         activities: {
    [7m   [0m [96m~~~~~~~~~~~~~~~~~~~~~[0m
    [7m...[0m 
    [7m483[0m         }
    [7m   [0m [96m~~~~~~~~~[0m
    [7m484[0m       }
    [7m   [0m [96m~~~~~~~[0m
    The expected type comes from property 'include' which is declared here on type '{ where: any; include: never; }'

[96msrc/bookings/bookings.service.ts[0m:[93m490[0m:[93m40[0m - [91merror[0m[90m TS2339: [0mProperty 'activity' does not exist on type 'PrismaService'.

[7m490[0m     const activity = await this.prisma.activity.findUnique({
[7m   [0m [91m                                       ~~~~~~~~[0m

[96msrc/pricing/pricing.controller.ts[0m:[93m64[0m:[93m7[0m - [91merror[0m[90m TS2554: [0mExpected 0-1 arguments, but got 5.

[7m64[0m       limit ? parseInt(limit) : 10,
[7m  [0m [91m      ~~~~~~~~~~~~~~~~~~~~~~~~~~~~~[0m
[7m65[0m       activityId,
[7m  [0m [91m~~~~~~~~~~~~~~~~~[0m
[7m66[0m       timeBlock as any,
[7m  [0m [91m~~~~~~~~~~~~~~~~~~~~~~~[0m
[7m67[0m       isActive !== undefined ? isActive === 'true' : undefined
[7m  [0m [91m~~~~~~~~~~~~~~~~~~~~~~~~~~~~~~~~~~~~~~~~~~~~~~~~~~~~~~~~~~~~~~[0m

[96msrc/pricing/pricing.controller.ts[0m:[93m76[0m:[93m32[0m - [91merror[0m[90m TS2339: [0mProperty 'findByActivity' does not exist on type 'PricingService'.

[7m76[0m     return this.pricingService.findByActivity(activityId);
[7m  [0m [91m                               ~~~~~~~~~~~~~~[0m

[96msrc/pricing/pricing.controller.ts[0m:[93m88[0m:[93m32[0m - [91merror[0m[90m TS2551: [0mProperty 'calculatePricing' does not exist on type 'PricingService'. Did you mean 'calculatePrice'?

[7m88[0m     return this.pricingService.calculatePricing(activityId, new Date(startTime));
[7m  [0m [91m                               ~~~~~~~~~~~~~~~~[0m

  [96msrc/pricing/pricing.service.ts[0m:[93m39[0m:[93m9[0m
    [7m39[0m   async calculatePrice(resourceId: string, startTime: Date, endTime: Date): Promise<number> {
    [7m  [0m [96m        ~~~~~~~~~~~~~~[0m
    'calculatePrice' is declared here.

[96msrc/resources/resources.controller.ts[0m:[93m17[0m:[93m36[0m - [91merror[0m[90m TS2339: [0mProperty 'findByActivity' does not exist on type 'ResourcesService'.

[7m17[0m       return this.resourcesService.findByActivity(activityId);
[7m  [0m [91m                                   ~~~~~~~~~~~~~~[0m

[96msrc/resources/resources.controller.ts[0m:[93m20[0m:[93m47[0m - [91merror[0m[90m TS2345: [0mArgument of type 'string' is not assignable to parameter of type 'ResourceType'.

[7m20[0m       return this.resourcesService.findByType(type);
[7m  [0m [91m                                              ~~~~[0m

[96msrc/staff/staff.service.ts[0m:[93m47[0m:[93m9[0m - [91merror[0m[90m TS2322: [0mType '{ activities: { include: { activity: true; }; }; }' is not assignable to type 'never'.

[7m47[0m         include: {
[7m  [0m [91m        ~~~~~~~[0m

  [96msrc/staff/staff.service.ts[0m:[93m47[0m:[93m9[0m
    [7m 47[0m         include: {
    [7m   [0m [96m        ~~~~~~~~~~[0m
    [7m 48[0m           activities: {
    [7m   [0m [96m~~~~~~~~~~~~~~~~~~~~~~~[0m
    [7m...[0m 
    [7m 52[0m           },
    [7m   [0m [96m~~~~~~~~~~~~[0m
    [7m 53[0m         },
    [7m   [0m [96m~~~~~~~~~[0m
    The expected type comes from property 'include' which is declared here on type '{ where: any; skip: number; take: number; orderBy: { createdAt: "desc"; }; include: never; }'

[96msrc/staff/staff.service.ts[0m:[93m70[0m:[93m7[0m - [91merror[0m[90m TS2322: [0mType '{ activities: { include: { activity: true; }; }; }' is not assignable to type 'never'.

[7m70[0m       include: {
[7m  [0m [91m      ~~~~~~~[0m

  [96msrc/staff/staff.service.ts[0m:[93m70[0m:[93m7[0m
    [7m 70[0m       include: {
    [7m   [0m [96m      ~~~~~~~~~~[0m
    [7m 71[0m         activities: {
    [7m   [0m [96m~~~~~~~~~~~~~~~~~~~~~[0m
    [7m...[0m 
    [7m 75[0m         },
    [7m   [0m [96m~~~~~~~~~~[0m
    [7m 76[0m       },
    [7m   [0m [96m~~~~~~~[0m
    The expected type comes from property 'include' which is declared here on type '{ where: { id: string; }; include: never; }'

[96msrc/staff/staff.service.ts[0m:[93m104[0m:[93m26[0m - [91merror[0m[90m TS2322: [0mType '"CONFIRMED"' is not assignable to type 'BookingStatus'.

[7m104[0m           status: { in: ['CONFIRMED', 'PENDING'] },
[7m   [0m [91m                         ~~~~~~~~~~~[0m

[96msrc/staff/staff.service.ts[0m:[93m106[0m:[93m19[0m - [91merror[0m[90m TS2353: [0mObject literal may only specify known properties, and 'staffId' does not exist in type 'BookingSelect<DefaultArgs>'.

[7m106[0m         select: { staffId: true },
[7m   [0m [91m                  ~~~~~~~[0m

  [96mgenerated/prisma/models/Booking.ts[0m:[93m1594[0m:[93m3[0m
    [7m1594[0m   select?: Prisma.BookingSelect<ExtArgs> | null
    [7m    [0m [96m  ~~~~~~[0m
    The expected type comes from property 'select' which is declared here on type '{ select?: BookingSelect<DefaultArgs>; omit?: BookingOmit<DefaultArgs>; include?: BookingInclude<DefaultArgs>; ... 5 more ...; distinct?: BookingScalarFieldEnum | BookingScalarFieldEnum[]; }'

[96msrc/staff/staff.service.ts[0m:[93m109[0m:[93m36[0m - [91merror[0m[90m TS2339: [0mProperty 'staffId' does not exist on type '{ id: string; createdAt: Date; updatedAt: Date; quantity: number; startTime: Date; endTime: Date; notes: string; status: BookingStatus; totalPrice: number; userId: string; resourceId: string; approvedBy: string; approvedAt: Date; }'.

[7m109[0m         .filter(booking => booking.staffId)
[7m   [0m [91m                                   ~~~~~~~[0m

[96msrc/staff/staff.service.ts[0m:[93m110[0m:[93m33[0m - [91merror[0m[90m TS2339: [0mProperty 'staffId' does not exist on type '{ id: string; createdAt: Date; updatedAt: Date; quantity: number; startTime: Date; endTime: Date; notes: string; status: BookingStatus; totalPrice: number; userId: string; resourceId: string; approvedBy: string; approvedAt: Date; }'.

[7m110[0m         .map(booking => booking.staffId)
[7m   [0m [91m                                ~~~~~~~[0m

[96msrc/staff/staff.service.ts[0m:[93m128[0m:[93m7[0m - [91merror[0m[90m TS2322: [0mType '{ activities: { include: { activity: true; }; }; }' is not assignable to type 'never'.

[7m128[0m       include: {
[7m   [0m [91m      ~~~~~~~[0m

  [96msrc/staff/staff.service.ts[0m:[93m128[0m:[93m7[0m
    [7m128[0m       include: {
    [7m   [0m [96m      ~~~~~~~~~~[0m
    [7m129[0m         activities: {
    [7m   [0m [96m~~~~~~~~~~~~~~~~~~~~~[0m
    [7m...[0m 
    [7m133[0m         },
    [7m   [0m [96m~~~~~~~~~~[0m
    [7m134[0m       },
    [7m   [0m [96m~~~~~~~[0m
    The expected type comes from property 'include' which is declared here on type '{ where: any; include: never; }'

[96msrc/staff/staff.service.ts[0m:[93m139[0m:[93m24[0m - [91merror[0m[90m TS2339: [0mProperty 'staffActivity' does not exist on type 'PrismaService'.

[7m139[0m     return this.prisma.staffActivity.create({
[7m   [0m [91m                       ~~~~~~~~~~~~~[0m

[96msrc/staff/staff.service.ts[0m:[93m149[0m:[93m24[0m - [91merror[0m[90m TS2339: [0mProperty 'staffActivity' does not exist on type 'PrismaService'.

[7m149[0m     return this.prisma.staffActivity.deleteMany({
[7m   [0m [91m                       ~~~~~~~~~~~~~[0m

[96msrc/staff/staff.service.ts[0m:[93m158[0m:[93m24[0m - [91merror[0m[90m TS2339: [0mProperty 'staffActivity' does not exist on type 'PrismaService'.

[7m158[0m     return this.prisma.staffActivity.findMany({
[7m   [0m [91m                       ~~~~~~~~~~~~~[0m

[[90m3:17:30 PM[0m] Found 43 errors. Watching for file changes.

[2J[3J[H[[90m3:17:39 PM[0m] File change detected. Starting incremental compilation...

[96msrc/activities/activities.service.ts[0m:[93m10[0m:[93m24[0m - [91merror[0m[90m TS2339: [0mProperty 'activity' does not exist on type 'PrismaService'.

[7m10[0m     return this.prisma.activity.findMany({
[7m  [0m [91m                       ~~~~~~~~[0m

[96msrc/activities/activities.service.ts[0m:[93m24[0m:[93m24[0m - [91merror[0m[90m TS2339: [0mProperty 'activity' does not exist on type 'PrismaService'.

[7m24[0m     return this.prisma.activity.findUnique({
[7m  [0m [91m                       ~~~~~~~~[0m

[96msrc/activities/activities.service.ts[0m:[93m34[0m:[93m24[0m - [91merror[0m[90m TS2339: [0mProperty 'activity' does not exist on type 'PrismaService'.

[7m34[0m     return this.prisma.activity.create({
[7m  [0m [91m                       ~~~~~~~~[0m

[96msrc/activities/activities.service.ts[0m:[93m43[0m:[93m24[0m - [91merror[0m[90m TS2339: [0mProperty 'activity' does not exist on type 'PrismaService'.

[7m43[0m     return this.prisma.activity.update({
[7m  [0m [91m                       ~~~~~~~~[0m

[96msrc/activities/activities.service.ts[0m:[93m53[0m:[93m24[0m - [91merror[0m[90m TS2339: [0mProperty 'activity' does not exist on type 'PrismaService'.

[7m53[0m     return this.prisma.activity.update({
[7m  [0m [91m                       ~~~~~~~~[0m

[96msrc/activities/activities.service.ts[0m:[93m60[0m:[93m24[0m - [91merror[0m[90m TS2339: [0mProperty 'activity' does not exist on type 'PrismaService'.

[7m60[0m     return this.prisma.activity.findMany({
[7m  [0m [91m                       ~~~~~~~~[0m

[96msrc/activities/activities.service.ts[0m:[93m69[0m:[93m24[0m - [91merror[0m[90m TS2339: [0mProperty 'activity' does not exist on type 'PrismaService'.

[7m69[0m     return this.prisma.activity.findMany({
[7m  [0m [91m                       ~~~~~~~~[0m

[96msrc/admin/admin-bookings.controller.ts[0m:[93m110[0m:[93m46[0m - [91merror[0m[90m TS2353: [0mObject literal may only specify known properties, and 'staffId' does not exist in type 'UpdateBookingDto'.

[7m110[0m     return this.bookingsService.update(id, { staffId: body.staffId });
[7m   [0m [91m                                             ~~~~~~~[0m

[96msrc/admin/admin-bookings.controller.ts[0m:[93m120[0m:[93m15[0m - [91merror[0m[90m TS2551: [0mProperty 'activityId' does not exist on type '{ user: { name: string; id: string; email: string; password: string; role: Role; createdAt: Date; updatedAt: Date; }; activity: never; staff: never; resources: never; } & { id: string; ... 11 more ...; resourceId: string; }'. Did you mean 'activity'?

[7m120[0m       booking.activityId,
[7m   [0m [91m              ~~~~~~~~~~[0m

[96msrc/bookings/bookings.service.ts[0m:[93m83[0m:[93m40[0m - [91merror[0m[90m TS2339: [0mProperty 'activity' does not exist on type 'PrismaService'.

[7m83[0m     const activity = await this.prisma.activity.findUnique({
[7m  [0m [91m                                       ~~~~~~~~[0m

[96msrc/bookings/bookings.service.ts[0m:[93m84[0m:[93m25[0m - [91merror[0m[90m TS2339: [0mProperty 'activityId' does not exist on type 'CreateBookingDto & { userId: string; }'.

[7m84[0m       where: { id: data.activityId },
[7m  [0m [91m                        ~~~~~~~~~~[0m

[96msrc/bookings/bookings.service.ts[0m:[93m106[0m:[93m12[0m - [91merror[0m[90m TS2339: [0mProperty 'activityId' does not exist on type 'CreateBookingDto & { userId: string; }'.

[7m106[0m       data.activityId,
[7m   [0m [91m           ~~~~~~~~~~[0m

[96msrc/bookings/bookings.service.ts[0m:[93m109[0m:[93m12[0m - [91merror[0m[90m TS2551: [0mProperty 'resourceUnits' does not exist on type 'CreateBookingDto & { userId: string; }'. Did you mean 'resourceId'?

[7m109[0m       data.resourceUnits || 1
[7m   [0m [91m           ~~~~~~~~~~~~~[0m

  [96msrc/bookings/dto/booking.dto.ts[0m:[93m8[0m:[93m3[0m
    [7m8[0m   resourceId: string;
    [7m [0m [96m  ~~~~~~~~~~[0m
    'resourceId' is declared here.

[96msrc/bookings/bookings.service.ts[0m:[93m113[0m:[93m24[0m - [91merror[0m[90m TS2339: [0mProperty 'staffId' does not exist on type 'CreateBookingDto & { userId: string; }'.

[7m113[0m     let staffId = data.staffId;
[7m   [0m [91m                       ~~~~~~~[0m

[96msrc/bookings/bookings.service.ts[0m:[93m121[0m:[93m16[0m - [91merror[0m[90m TS2339: [0mProperty 'activityId' does not exist on type 'CreateBookingDto & { userId: string; }'.

[7m121[0m           data.activityId
[7m   [0m [91m               ~~~~~~~~~~[0m

[96msrc/bookings/bookings.service.ts[0m:[93m144[0m:[93m57[0m - [91merror[0m[90m TS2339: [0mProperty 'activityId' does not exist on type 'CreateBookingDto & { userId: string; }'.

[7m144[0m     const totalPrice = await this.calculatePricing(data.activityId, new Date(data.startTime));
[7m   [0m [91m                                                        ~~~~~~~~~~[0m

[96msrc/bookings/bookings.service.ts[0m:[93m150[0m:[93m9[0m - [91merror[0m[90m TS2353: [0mObject literal may only specify known properties, and 'activityId' does not exist in type '(Without<BookingCreateInput, BookingUncheckedCreateInput> & BookingUncheckedCreateInput) | (Without<...> & BookingCreateInput)'.

[7m150[0m         activityId: data.activityId,
[7m   [0m [91m        ~~~~~~~~~~[0m

  [96mgenerated/prisma/models/Booking.ts[0m:[93m1658[0m:[93m3[0m
    [7m1658[0m   data: Prisma.XOR<Prisma.BookingCreateInput, Prisma.BookingUncheckedCreateInput>
    [7m    [0m [96m  ~~~~[0m
    The expected type comes from property 'data' which is declared here on type '{ select?: BookingSelect<DefaultArgs>; omit?: BookingOmit<DefaultArgs>; include?: BookingInclude<DefaultArgs>; data: (Without<...> & BookingUncheckedCreateInput) | (Without<...> & BookingCreateInput); }'

[96msrc/bookings/bookings.service.ts[0m:[93m150[0m:[93m26[0m - [91merror[0m[90m TS2339: [0mProperty 'activityId' does not exist on type 'CreateBookingDto & { userId: string; }'.

[7m150[0m         activityId: data.activityId,
[7m   [0m [91m                         ~~~~~~~~~~[0m

[96msrc/bookings/bookings.service.ts[0m:[93m153[0m:[93m29[0m - [91merror[0m[90m TS2551: [0mProperty 'resourceUnits' does not exist on type 'CreateBookingDto & { userId: string; }'. Did you mean 'resourceId'?

[7m153[0m         resourceUnits: data.resourceUnits || 1,
[7m   [0m [91m                            ~~~~~~~~~~~~~[0m

  [96msrc/bookings/dto/booking.dto.ts[0m:[93m8[0m:[93m3[0m
    [7m8[0m   resourceId: string;
    [7m [0m [96m  ~~~~~~~~~~[0m
    'resourceId' is declared here.

[96msrc/bookings/bookings.service.ts[0m:[93m157[0m:[93m31[0m - [91merror[0m[90m TS2339: [0mProperty 'partnerMatching' does not exist on type 'CreateBookingDto & { userId: string; }'.

[7m157[0m         partnerMatching: data.partnerMatching || false,
[7m   [0m [91m                              ~~~~~~~~~~~~~~~[0m

[96msrc/bookings/bookings.service.ts[0m:[93m164[0m:[93m9[0m - [91merror[0m[90m TS2353: [0mObject literal may only specify known properties, and 'activity' does not exist in type 'BookingInclude<DefaultArgs>'.

[7m164[0m         activity: true,
[7m   [0m [91m        ~~~~~~~~[0m

  [96mgenerated/prisma/models/Booking.ts[0m:[93m1654[0m:[93m3[0m
    [7m1654[0m   include?: Prisma.BookingInclude<ExtArgs> | null
    [7m    [0m [96m  ~~~~~~~[0m
    The expected type comes from property 'include' which is declared here on type '{ select?: BookingSelect<DefaultArgs>; omit?: BookingOmit<DefaultArgs>; include?: BookingInclude<DefaultArgs>; data: (Without<...> & BookingUncheckedCreateInput) | (Without<...> & BookingCreateInput); }'

[96msrc/bookings/bookings.service.ts[0m:[93m174[0m:[93m24[0m - [91merror[0m[90m TS2551: [0mProperty 'resourceUnits' does not exist on type 'CreateBookingDto & { userId: string; }'. Did you mean 'resourceId'?

[7m174[0m         quantity: data.resourceUnits || 1
[7m   [0m [91m                       ~~~~~~~~~~~~~[0m

  [96msrc/bookings/dto/booking.dto.ts[0m:[93m8[0m:[93m3[0m
    [7m8[0m   resourceId: string;
    [7m [0m [96m  ~~~~~~~~~~[0m
    'resourceId' is declared here.

[96msrc/bookings/bookings.service.ts[0m:[93m177[0m:[93m25[0m - [91merror[0m[90m TS2339: [0mProperty 'bookingResource' does not exist on type 'PrismaService'.

[7m177[0m       await this.prisma.bookingResource.createMany({
[7m   [0m [91m                        ~~~~~~~~~~~~~~~[0m

[96msrc/bookings/bookings.service.ts[0m:[93m195[0m:[93m25[0m - [91merror[0m[90m TS2551: [0mProperty 'activityId' does not exist on type '{ user: { name: string; id: string; email: string; password: string; role: Role; createdAt: Date; updatedAt: Date; }; activity: never; staff: never; resources: never; } & { id: string; ... 11 more ...; resourceId: string; }'. Did you mean 'activity'?

[7m195[0m         existingBooking.activityId,
[7m   [0m [91m                        ~~~~~~~~~~[0m

[96msrc/bookings/bookings.service.ts[0m:[93m198[0m:[93m25[0m - [91merror[0m[90m TS2551: [0mProperty 'resourceUnits' does not exist on type '{ user: { name: string; id: string; email: string; password: string; role: Role; createdAt: Date; updatedAt: Date; }; activity: never; staff: never; resources: never; } & { id: string; ... 11 more ...; resourceId: string; }'. Did you mean 'resources'?

[7m198[0m         existingBooking.resourceUnits,
[7m   [0m [91m                        ~~~~~~~~~~~~~[0m

[96msrc/bookings/bookings.service.ts[0m:[93m230[0m:[93m9[0m - [91merror[0m[90m TS2353: [0mObject literal may only specify known properties, and 'activity' does not exist in type 'BookingInclude<DefaultArgs>'.

[7m230[0m         activity: true,
[7m   [0m [91m        ~~~~~~~~[0m

  [96mgenerated/prisma/models/Booking.ts[0m:[93m1602[0m:[93m3[0m
    [7m1602[0m   include?: Prisma.BookingInclude<ExtArgs> | null
    [7m    [0m [96m  ~~~~~~~[0m
    The expected type comes from property 'include' which is declared here on type '{ select?: BookingSelect<DefaultArgs>; omit?: BookingOmit<DefaultArgs>; include?: BookingInclude<DefaultArgs>; ... 5 more ...; distinct?: BookingScalarFieldEnum | BookingScalarFieldEnum[]; }'

[96msrc/bookings/bookings.service.ts[0m:[93m246[0m:[93m16[0m - [91merror[0m[90m TS2353: [0mObject literal may only specify known properties, and 'activityId' does not exist in type 'BookingWhereInput'.

[7m246[0m       where: { activityId },
[7m   [0m [91m               ~~~~~~~~~~[0m

  [96mgenerated/prisma/models/Booking.ts[0m:[93m1606[0m:[93m3[0m
    [7m1606[0m   where?: Prisma.BookingWhereInput
    [7m    [0m [96m  ~~~~~[0m
    The expected type comes from property 'where' which is declared here on type '{ select?: BookingSelect<DefaultArgs>; omit?: BookingOmit<DefaultArgs>; include?: BookingInclude<DefaultArgs>; ... 5 more ...; distinct?: BookingScalarFieldEnum | BookingScalarFieldEnum[]; }'

[96msrc/bookings/bookings.service.ts[0m:[93m251[0m:[93m9[0m - [91merror[0m[90m TS2353: [0mObject literal may only specify known properties, and 'staff' does not exist in type 'BookingInclude<DefaultArgs>'.

[7m251[0m         staff: true,
[7m   [0m [91m        ~~~~~[0m

  [96mgenerated/prisma/models/Booking.ts[0m:[93m1602[0m:[93m3[0m
    [7m1602[0m   include?: Prisma.BookingInclude<ExtArgs> | null
    [7m    [0m [96m  ~~~~~~~[0m
    The expected type comes from property 'include' which is declared here on type '{ select?: BookingSelect<DefaultArgs>; omit?: BookingOmit<DefaultArgs>; include?: BookingInclude<DefaultArgs>; ... 5 more ...; distinct?: BookingScalarFieldEnum | BookingScalarFieldEnum[]; }'

[96msrc/bookings/bookings.service.ts[0m:[93m281[0m:[93m35[0m - [91merror[0m[90m TS2322: [0mType '"CONFIRMED"' is not assignable to type 'BookingStatus'.

[7m281[0m         status: { in: ['PENDING', 'CONFIRMED'] }
[7m   [0m [91m                                  ~~~~~~~~~~~[0m

[96msrc/bookings/bookings.service.ts[0m:[93m287[0m:[93m9[0m - [91merror[0m[90m TS2353: [0mObject literal may only specify known properties, and 'activity' does not exist in type 'BookingInclude<DefaultArgs>'.

[7m287[0m         activity: true,
[7m   [0m [91m        ~~~~~~~~[0m

  [96mgenerated/prisma/models/Booking.ts[0m:[93m1602[0m:[93m3[0m
    [7m1602[0m   include?: Prisma.BookingInclude<ExtArgs> | null
    [7m    [0m [96m  ~~~~~~~[0m
    The expected type comes from property 'include' which is declared here on type '{ select?: BookingSelect<DefaultArgs>; omit?: BookingOmit<DefaultArgs>; include?: BookingInclude<DefaultArgs>; ... 5 more ...; distinct?: BookingScalarFieldEnum | BookingScalarFieldEnum[]; }'

[96msrc/bookings/bookings.service.ts[0m:[93m300[0m:[93m9[0m - [91merror[0m[90m TS2322: [0mType '"CONFIRMED"' is not assignable to type 'BookingStatus | EnumBookingStatusFieldUpdateOperationsInput'.

[7m300[0m         status: 'CONFIRMED',
[7m   [0m [91m        ~~~~~~[0m

  [96mgenerated/prisma/models/Booking.ts[0m:[93m425[0m:[93m3[0m
    [7m425[0m   status?: Prisma.EnumBookingStatusFieldUpdateOperationsInput | $Enums.BookingStatus
    [7m   [0m [96m  ~~~~~~[0m
    The expected type comes from property 'status' which is declared here on type '(Without<BookingUpdateInput, BookingUncheckedUpdateInput> & BookingUncheckedUpdateInput) | (Without<...> & BookingUpdateInput)'

[96msrc/bookings/bookings.service.ts[0m:[93m306[0m:[93m9[0m - [91merror[0m[90m TS2353: [0mObject literal may only specify known properties, and 'activity' does not exist in type 'BookingInclude<DefaultArgs>'.

[7m306[0m         activity: true,
[7m   [0m [91m        ~~~~~~~~[0m

  [96mgenerated/prisma/models/Booking.ts[0m:[93m1710[0m:[93m3[0m
    [7m1710[0m   include?: Prisma.BookingInclude<ExtArgs> | null
    [7m    [0m [96m  ~~~~~~~[0m
    The expected type comes from property 'include' which is declared here on type '{ select?: BookingSelect<DefaultArgs>; omit?: BookingOmit<DefaultArgs>; include?: BookingInclude<DefaultArgs>; data: (Without<...> & BookingUncheckedUpdateInput) | (Without<...> & BookingUpdateInput); where: BookingWhereUniqueInput; }'

[96msrc/bookings/bookings.service.ts[0m:[93m333[0m:[93m40[0m - [91merror[0m[90m TS2339: [0mProperty 'activity' does not exist on type 'PrismaService'.

[7m333[0m     const activity = await this.prisma.activity.findUnique({
[7m   [0m [91m                                       ~~~~~~~~[0m

[96msrc/bookings/bookings.service.ts[0m:[93m375[0m:[93m40[0m - [91merror[0m[90m TS2339: [0mProperty 'activity' does not exist on type 'PrismaService'.

[7m375[0m     const activity = await this.prisma.activity.findUnique({
[7m   [0m [91m                                       ~~~~~~~~[0m

[96msrc/bookings/bookings.service.ts[0m:[93m432[0m:[93m9[0m - [91merror[0m[90m TS2561: [0mObject literal may only specify known properties, but 'resources' does not exist in type 'BookingInclude<DefaultArgs>'. Did you mean to write 'resource'?

[7m432[0m         resources: {
[7m   [0m [91m        ~~~~~~~~~[0m

  [96mgenerated/prisma/models/Booking.ts[0m:[93m1602[0m:[93m3[0m
    [7m1602[0m   include?: Prisma.BookingInclude<ExtArgs> | null
    [7m    [0m [96m  ~~~~~~~[0m
    The expected type comes from property 'include' which is declared here on type '{ select?: BookingSelect<DefaultArgs>; omit?: BookingOmit<DefaultArgs>; include?: BookingInclude<DefaultArgs>; ... 5 more ...; distinct?: BookingScalarFieldEnum | BookingScalarFieldEnum[]; }'

[96msrc/bookings/bookings.service.ts[0m:[93m439[0m:[93m39[0m - [91merror[0m[90m TS2551: [0mProperty 'resources' does not exist on type '{ id: string; createdAt: Date; updatedAt: Date; quantity: number; startTime: Date; endTime: Date; status: BookingStatus; totalPrice: number; notes: string; approvedBy: string; approvedAt: Date; userId: string; resourceId: string; }'. Did you mean 'resourceId'?

[7m439[0m       const bookingResource = booking.resources.find(r => r.resourceId === resourceId);
[7m   [0m [91m                                      ~~~~~~~~~[0m

[96msrc/bookings/bookings.service.ts[0m:[93m454[0m:[93m35[0m - [91merror[0m[90m TS2322: [0mType '"CONFIRMED"' is not assignable to type 'BookingStatus'.

[7m454[0m         status: { in: ['PENDING', 'CONFIRMED'] }
[7m   [0m [91m                                  ~~~~~~~~~~~[0m

[96msrc/bookings/bookings.service.ts[0m:[93m478[0m:[93m7[0m - [91merror[0m[90m TS2322: [0mType '{ activities: { include: { activity: true; }; }; }' is not assignable to type 'never'.

[7m478[0m       include: {
[7m   [0m [91m      ~~~~~~~[0m

  [96msrc/bookings/bookings.service.ts[0m:[93m478[0m:[93m7[0m
    [7m478[0m       include: {
    [7m   [0m [96m      ~~~~~~~~~~[0m
    [7m479[0m         activities: {
    [7m   [0m [96m~~~~~~~~~~~~~~~~~~~~~[0m
    [7m...[0m 
    [7m483[0m         }
    [7m   [0m [96m~~~~~~~~~[0m
    [7m484[0m       }
    [7m   [0m [96m~~~~~~~[0m
    The expected type comes from property 'include' which is declared here on type '{ where: any; include: never; }'

[96msrc/bookings/bookings.service.ts[0m:[93m490[0m:[93m40[0m - [91merror[0m[90m TS2339: [0mProperty 'activity' does not exist on type 'PrismaService'.

[7m490[0m     const activity = await this.prisma.activity.findUnique({
[7m   [0m [91m                                       ~~~~~~~~[0m

[96msrc/pricing/pricing.controller.ts[0m:[93m64[0m:[93m7[0m - [91merror[0m[90m TS2554: [0mExpected 0-1 arguments, but got 5.

[7m64[0m       limit ? parseInt(limit) : 10,
[7m  [0m [91m      ~~~~~~~~~~~~~~~~~~~~~~~~~~~~~[0m
[7m65[0m       activityId,
[7m  [0m [91m~~~~~~~~~~~~~~~~~[0m
[7m66[0m       timeBlock as any,
[7m  [0m [91m~~~~~~~~~~~~~~~~~~~~~~~[0m
[7m67[0m       isActive !== undefined ? isActive === 'true' : undefined
[7m  [0m [91m~~~~~~~~~~~~~~~~~~~~~~~~~~~~~~~~~~~~~~~~~~~~~~~~~~~~~~~~~~~~~~[0m

[96msrc/pricing/pricing.controller.ts[0m:[93m76[0m:[93m32[0m - [91merror[0m[90m TS2339: [0mProperty 'findByActivity' does not exist on type 'PricingService'.

[7m76[0m     return this.pricingService.findByActivity(activityId);
[7m  [0m [91m                               ~~~~~~~~~~~~~~[0m

[96msrc/pricing/pricing.controller.ts[0m:[93m88[0m:[93m32[0m - [91merror[0m[90m TS2551: [0mProperty 'calculatePricing' does not exist on type 'PricingService'. Did you mean 'calculatePrice'?

[7m88[0m     return this.pricingService.calculatePricing(activityId, new Date(startTime));
[7m  [0m [91m                               ~~~~~~~~~~~~~~~~[0m

  [96msrc/pricing/pricing.service.ts[0m:[93m39[0m:[93m9[0m
    [7m39[0m   async calculatePrice(resourceId: string, startTime: Date, endTime: Date): Promise<number> {
    [7m  [0m [96m        ~~~~~~~~~~~~~~[0m
    'calculatePrice' is declared here.

[96msrc/resources/resources.controller.ts[0m:[93m17[0m:[93m36[0m - [91merror[0m[90m TS2339: [0mProperty 'findByActivity' does not exist on type 'ResourcesService'.

[7m17[0m       return this.resourcesService.findByActivity(activityId);
[7m  [0m [91m                                   ~~~~~~~~~~~~~~[0m

[96msrc/resources/resources.controller.ts[0m:[93m20[0m:[93m47[0m - [91merror[0m[90m TS2345: [0mArgument of type 'string' is not assignable to parameter of type 'ResourceType'.

[7m20[0m       return this.resourcesService.findByType(type);
[7m  [0m [91m                                              ~~~~[0m

[96msrc/staff/staff.service.ts[0m:[93m47[0m:[93m9[0m - [91merror[0m[90m TS2322: [0mType '{ activities: { include: { activity: true; }; }; }' is not assignable to type 'never'.

[7m47[0m         include: {
[7m  [0m [91m        ~~~~~~~[0m

  [96msrc/staff/staff.service.ts[0m:[93m47[0m:[93m9[0m
    [7m 47[0m         include: {
    [7m   [0m [96m        ~~~~~~~~~~[0m
    [7m 48[0m           activities: {
    [7m   [0m [96m~~~~~~~~~~~~~~~~~~~~~~~[0m
    [7m...[0m 
    [7m 52[0m           },
    [7m   [0m [96m~~~~~~~~~~~~[0m
    [7m 53[0m         },
    [7m   [0m [96m~~~~~~~~~[0m
    The expected type comes from property 'include' which is declared here on type '{ where: any; skip: number; take: number; orderBy: { createdAt: "desc"; }; include: never; }'

[96msrc/staff/staff.service.ts[0m:[93m70[0m:[93m7[0m - [91merror[0m[90m TS2322: [0mType '{ activities: { include: { activity: true; }; }; }' is not assignable to type 'never'.

[7m70[0m       include: {
[7m  [0m [91m      ~~~~~~~[0m

  [96msrc/staff/staff.service.ts[0m:[93m70[0m:[93m7[0m
    [7m 70[0m       include: {
    [7m   [0m [96m      ~~~~~~~~~~[0m
    [7m 71[0m         activities: {
    [7m   [0m [96m~~~~~~~~~~~~~~~~~~~~~[0m
    [7m...[0m 
    [7m 75[0m         },
    [7m   [0m [96m~~~~~~~~~~[0m
    [7m 76[0m       },
    [7m   [0m [96m~~~~~~~[0m
    The expected type comes from property 'include' which is declared here on type '{ where: { id: string; }; include: never; }'

[96msrc/staff/staff.service.ts[0m:[93m104[0m:[93m26[0m - [91merror[0m[90m TS2322: [0mType '"CONFIRMED"' is not assignable to type 'BookingStatus'.

[7m104[0m           status: { in: ['CONFIRMED', 'PENDING'] },
[7m   [0m [91m                         ~~~~~~~~~~~[0m

[96msrc/staff/staff.service.ts[0m:[93m106[0m:[93m19[0m - [91merror[0m[90m TS2353: [0mObject literal may only specify known properties, and 'staffId' does not exist in type 'BookingSelect<DefaultArgs>'.

[7m106[0m         select: { staffId: true },
[7m   [0m [91m                  ~~~~~~~[0m

  [96mgenerated/prisma/models/Booking.ts[0m:[93m1594[0m:[93m3[0m
    [7m1594[0m   select?: Prisma.BookingSelect<ExtArgs> | null
    [7m    [0m [96m  ~~~~~~[0m
    The expected type comes from property 'select' which is declared here on type '{ select?: BookingSelect<DefaultArgs>; omit?: BookingOmit<DefaultArgs>; include?: BookingInclude<DefaultArgs>; ... 5 more ...; distinct?: BookingScalarFieldEnum | BookingScalarFieldEnum[]; }'

[96msrc/staff/staff.service.ts[0m:[93m109[0m:[93m36[0m - [91merror[0m[90m TS2339: [0mProperty 'staffId' does not exist on type '{ id: string; createdAt: Date; updatedAt: Date; quantity: number; startTime: Date; endTime: Date; notes: string; status: BookingStatus; totalPrice: number; userId: string; resourceId: string; approvedBy: string; approvedAt: Date; }'.

[7m109[0m         .filter(booking => booking.staffId)
[7m   [0m [91m                                   ~~~~~~~[0m

[96msrc/staff/staff.service.ts[0m:[93m110[0m:[93m33[0m - [91merror[0m[90m TS2339: [0mProperty 'staffId' does not exist on type '{ id: string; createdAt: Date; updatedAt: Date; quantity: number; startTime: Date; endTime: Date; notes: string; status: BookingStatus; totalPrice: number; userId: string; resourceId: string; approvedBy: string; approvedAt: Date; }'.

[7m110[0m         .map(booking => booking.staffId)
[7m   [0m [91m                                ~~~~~~~[0m

[96msrc/staff/staff.service.ts[0m:[93m128[0m:[93m7[0m - [91merror[0m[90m TS2322: [0mType '{ activities: { include: { activity: true; }; }; }' is not assignable to type 'never'.

[7m128[0m       include: {
[7m   [0m [91m      ~~~~~~~[0m

  [96msrc/staff/staff.service.ts[0m:[93m128[0m:[93m7[0m
    [7m128[0m       include: {
    [7m   [0m [96m      ~~~~~~~~~~[0m
    [7m129[0m         activities: {
    [7m   [0m [96m~~~~~~~~~~~~~~~~~~~~~[0m
    [7m...[0m 
    [7m133[0m         },
    [7m   [0m [96m~~~~~~~~~~[0m
    [7m134[0m       },
    [7m   [0m [96m~~~~~~~[0m
    The expected type comes from property 'include' which is declared here on type '{ where: any; include: never; }'

[96msrc/staff/staff.service.ts[0m:[93m139[0m:[93m24[0m - [91merror[0m[90m TS2339: [0mProperty 'staffActivity' does not exist on type 'PrismaService'.

[7m139[0m     return this.prisma.staffActivity.create({
[7m   [0m [91m                       ~~~~~~~~~~~~~[0m

[96msrc/staff/staff.service.ts[0m:[93m149[0m:[93m24[0m - [91merror[0m[90m TS2339: [0mProperty 'staffActivity' does not exist on type 'PrismaService'.

[7m149[0m     return this.prisma.staffActivity.deleteMany({
[7m   [0m [91m                       ~~~~~~~~~~~~~[0m

[96msrc/staff/staff.service.ts[0m:[93m158[0m:[93m24[0m - [91merror[0m[90m TS2339: [0mProperty 'staffActivity' does not exist on type 'PrismaService'.

[7m158[0m     return this.prisma.staffActivity.findMany({
[7m   [0m [91m                       ~~~~~~~~~~~~~[0m

[[90m3:17:40 PM[0m] Found 54 errors. Watching for file changes.

[2J[3J[H[[90m3:18:01 PM[0m] File change detected. Starting incremental compilation...

[96msrc/activities/activities.service.ts[0m:[93m10[0m:[93m24[0m - [91merror[0m[90m TS2339: [0mProperty 'activity' does not exist on type 'PrismaService'.

[7m10[0m     return this.prisma.activity.findMany({
[7m  [0m [91m                       ~~~~~~~~[0m

[96msrc/activities/activities.service.ts[0m:[93m24[0m:[93m24[0m - [91merror[0m[90m TS2339: [0mProperty 'activity' does not exist on type 'PrismaService'.

[7m24[0m     return this.prisma.activity.findUnique({
[7m  [0m [91m                       ~~~~~~~~[0m

[96msrc/activities/activities.service.ts[0m:[93m34[0m:[93m24[0m - [91merror[0m[90m TS2339: [0mProperty 'activity' does not exist on type 'PrismaService'.

[7m34[0m     return this.prisma.activity.create({
[7m  [0m [91m                       ~~~~~~~~[0m

[96msrc/activities/activities.service.ts[0m:[93m43[0m:[93m24[0m - [91merror[0m[90m TS2339: [0mProperty 'activity' does not exist on type 'PrismaService'.

[7m43[0m     return this.prisma.activity.update({
[7m  [0m [91m                       ~~~~~~~~[0m

[96msrc/activities/activities.service.ts[0m:[93m53[0m:[93m24[0m - [91merror[0m[90m TS2339: [0mProperty 'activity' does not exist on type 'PrismaService'.

[7m53[0m     return this.prisma.activity.update({
[7m  [0m [91m                       ~~~~~~~~[0m

[96msrc/activities/activities.service.ts[0m:[93m60[0m:[93m24[0m - [91merror[0m[90m TS2339: [0mProperty 'activity' does not exist on type 'PrismaService'.

[7m60[0m     return this.prisma.activity.findMany({
[7m  [0m [91m                       ~~~~~~~~[0m

[96msrc/activities/activities.service.ts[0m:[93m69[0m:[93m24[0m - [91merror[0m[90m TS2339: [0mProperty 'activity' does not exist on type 'PrismaService'.

[7m69[0m     return this.prisma.activity.findMany({
[7m  [0m [91m                       ~~~~~~~~[0m

[96msrc/admin/admin-bookings.controller.ts[0m:[93m37[0m:[93m7[0m - [91merror[0m[90m TS2554: [0mExpected 0-4 arguments, but got 6.

[7m37[0m       status,
[7m  [0m [91m      ~~~~~~~[0m
[7m38[0m       upcoming
[7m  [0m [91m~~~~~~~~~~~~~~[0m

[96msrc/admin/admin-bookings.controller.ts[0m:[93m56[0m:[93m7[0m - [91merror[0m[90m TS2554: [0mExpected 0-4 arguments, but got 5.

[7m56[0m       'PENDING'
[7m  [0m [91m      ~~~~~~~~~[0m

[96msrc/admin/admin-bookings.controller.ts[0m:[93m110[0m:[93m46[0m - [91merror[0m[90m TS2353: [0mObject literal may only specify known properties, and 'staffId' does not exist in type 'UpdateBookingDto'.

[7m110[0m     return this.bookingsService.update(id, { staffId: body.staffId });
[7m   [0m [91m                                             ~~~~~~~[0m

[96msrc/admin/admin-bookings.controller.ts[0m:[93m119[0m:[93m33[0m - [91merror[0m[90m TS2339: [0mProperty 'getResourceAvailability' does not exist on type 'BookingsService'.

[7m119[0m     return this.bookingsService.getResourceAvailability(
[7m   [0m [91m                                ~~~~~~~~~~~~~~~~~~~~~~~[0m

[96msrc/admin/admin-bookings.controller.ts[0m:[93m120[0m:[93m15[0m - [91merror[0m[90m TS2339: [0mProperty 'activityId' does not exist on type '{ user: { id: string; email: string; name: string; }; resource: { pricingRules: { id: string; resourceId: string; startTime: string; endTime: string; createdAt: Date; updatedAt: Date; isActive: boolean; hourlyRate: number; label: string; }[]; } & { ...; }; } & { ...; }'.

[7m120[0m       booking.activityId,
[7m   [0m [91m              ~~~~~~~~~~[0m

[96msrc/bookings/bookings.controller.ts[0m:[93m32[0m:[93m35[0m - [91merror[0m[90m TS2339: [0mProperty 'findByActivity' does not exist on type 'BookingsService'.

[7m32[0m       return this.bookingsService.findByActivity(activityId);
[7m  [0m [91m                                  ~~~~~~~~~~~~~~[0m

[96msrc/pricing/pricing.controller.ts[0m:[93m64[0m:[93m7[0m - [91merror[0m[90m TS2554: [0mExpected 0-1 arguments, but got 5.

[7m64[0m       limit ? parseInt(limit) : 10,
[7m  [0m [91m      ~~~~~~~~~~~~~~~~~~~~~~~~~~~~~[0m
[7m65[0m       activityId,
[7m  [0m [91m~~~~~~~~~~~~~~~~~[0m
[7m66[0m       timeBlock as any,
[7m  [0m [91m~~~~~~~~~~~~~~~~~~~~~~~[0m
[7m67[0m       isActive !== undefined ? isActive === 'true' : undefined
[7m  [0m [91m~~~~~~~~~~~~~~~~~~~~~~~~~~~~~~~~~~~~~~~~~~~~~~~~~~~~~~~~~~~~~~[0m

[96msrc/pricing/pricing.controller.ts[0m:[93m76[0m:[93m32[0m - [91merror[0m[90m TS2339: [0mProperty 'findByActivity' does not exist on type 'PricingService'.

[7m76[0m     return this.pricingService.findByActivity(activityId);
[7m  [0m [91m                               ~~~~~~~~~~~~~~[0m

[96msrc/pricing/pricing.controller.ts[0m:[93m88[0m:[93m32[0m - [91merror[0m[90m TS2551: [0mProperty 'calculatePricing' does not exist on type 'PricingService'. Did you mean 'calculatePrice'?

[7m88[0m     return this.pricingService.calculatePricing(activityId, new Date(startTime));
[7m  [0m [91m                               ~~~~~~~~~~~~~~~~[0m

  [96msrc/pricing/pricing.service.ts[0m:[93m39[0m:[93m9[0m
    [7m39[0m   async calculatePrice(resourceId: string, startTime: Date, endTime: Date): Promise<number> {
    [7m  [0m [96m        ~~~~~~~~~~~~~~[0m
    'calculatePrice' is declared here.

[96msrc/resources/resources.controller.ts[0m:[93m17[0m:[93m36[0m - [91merror[0m[90m TS2339: [0mProperty 'findByActivity' does not exist on type 'ResourcesService'.

[7m17[0m       return this.resourcesService.findByActivity(activityId);
[7m  [0m [91m                                   ~~~~~~~~~~~~~~[0m

[96msrc/resources/resources.controller.ts[0m:[93m20[0m:[93m47[0m - [91merror[0m[90m TS2345: [0mArgument of type 'string' is not assignable to parameter of type 'ResourceType'.

[7m20[0m       return this.resourcesService.findByType(type);
[7m  [0m [91m                                              ~~~~[0m

[96msrc/staff/staff.service.ts[0m:[93m47[0m:[93m9[0m - [91merror[0m[90m TS2322: [0mType '{ activities: { include: { activity: true; }; }; }' is not assignable to type 'never'.

[7m47[0m         include: {
[7m  [0m [91m        ~~~~~~~[0m

  [96msrc/staff/staff.service.ts[0m:[93m47[0m:[93m9[0m
    [7m 47[0m         include: {
    [7m   [0m [96m        ~~~~~~~~~~[0m
    [7m 48[0m           activities: {
    [7m   [0m [96m~~~~~~~~~~~~~~~~~~~~~~~[0m
    [7m...[0m 
    [7m 52[0m           },
    [7m   [0m [96m~~~~~~~~~~~~[0m
    [7m 53[0m         },
    [7m   [0m [96m~~~~~~~~~[0m
    The expected type comes from property 'include' which is declared here on type '{ where: any; skip: number; take: number; orderBy: { createdAt: "desc"; }; include: never; }'

[96msrc/staff/staff.service.ts[0m:[93m70[0m:[93m7[0m - [91merror[0m[90m TS2322: [0mType '{ activities: { include: { activity: true; }; }; }' is not assignable to type 'never'.

[7m70[0m       include: {
[7m  [0m [91m      ~~~~~~~[0m

  [96msrc/staff/staff.service.ts[0m:[93m70[0m:[93m7[0m
    [7m 70[0m       include: {
    [7m   [0m [96m      ~~~~~~~~~~[0m
    [7m 71[0m         activities: {
    [7m   [0m [96m~~~~~~~~~~~~~~~~~~~~~[0m
    [7m...[0m 
    [7m 75[0m         },
    [7m   [0m [96m~~~~~~~~~~[0m
    [7m 76[0m       },
    [7m   [0m [96m~~~~~~~[0m
    The expected type comes from property 'include' which is declared here on type '{ where: { id: string; }; include: never; }'

[96msrc/staff/staff.service.ts[0m:[93m104[0m:[93m26[0m - [91merror[0m[90m TS2322: [0mType '"CONFIRMED"' is not assignable to type 'BookingStatus'.

[7m104[0m           status: { in: ['CONFIRMED', 'PENDING'] },
[7m   [0m [91m                         ~~~~~~~~~~~[0m

[96msrc/staff/staff.service.ts[0m:[93m106[0m:[93m19[0m - [91merror[0m[90m TS2353: [0mObject literal may only specify known properties, and 'staffId' does not exist in type 'BookingSelect<DefaultArgs>'.

[7m106[0m         select: { staffId: true },
[7m   [0m [91m                  ~~~~~~~[0m

  [96mgenerated/prisma/models/Booking.ts[0m:[93m1594[0m:[93m3[0m
    [7m1594[0m   select?: Prisma.BookingSelect<ExtArgs> | null
    [7m    [0m [96m  ~~~~~~[0m
    The expected type comes from property 'select' which is declared here on type '{ select?: BookingSelect<DefaultArgs>; omit?: BookingOmit<DefaultArgs>; include?: BookingInclude<DefaultArgs>; ... 5 more ...; distinct?: BookingScalarFieldEnum | BookingScalarFieldEnum[]; }'

[96msrc/staff/staff.service.ts[0m:[93m109[0m:[93m36[0m - [91merror[0m[90m TS2339: [0mProperty 'staffId' does not exist on type '{ id: string; createdAt: Date; updatedAt: Date; quantity: number; startTime: Date; endTime: Date; notes: string; status: BookingStatus; totalPrice: number; userId: string; resourceId: string; approvedBy: string; approvedAt: Date; }'.

[7m109[0m         .filter(booking => booking.staffId)
[7m   [0m [91m                                   ~~~~~~~[0m

[96msrc/staff/staff.service.ts[0m:[93m110[0m:[93m33[0m - [91merror[0m[90m TS2339: [0mProperty 'staffId' does not exist on type '{ id: string; createdAt: Date; updatedAt: Date; quantity: number; startTime: Date; endTime: Date; notes: string; status: BookingStatus; totalPrice: number; userId: string; resourceId: string; approvedBy: string; approvedAt: Date; }'.

[7m110[0m         .map(booking => booking.staffId)
[7m   [0m [91m                                ~~~~~~~[0m

[96msrc/staff/staff.service.ts[0m:[93m128[0m:[93m7[0m - [91merror[0m[90m TS2322: [0mType '{ activities: { include: { activity: true; }; }; }' is not assignable to type 'never'.

[7m128[0m       include: {
[7m   [0m [91m      ~~~~~~~[0m

  [96msrc/staff/staff.service.ts[0m:[93m128[0m:[93m7[0m
    [7m128[0m       include: {
    [7m   [0m [96m      ~~~~~~~~~~[0m
    [7m129[0m         activities: {
    [7m   [0m [96m~~~~~~~~~~~~~~~~~~~~~[0m
    [7m...[0m 
    [7m133[0m         },
    [7m   [0m [96m~~~~~~~~~~[0m
    [7m134[0m       },
    [7m   [0m [96m~~~~~~~[0m
    The expected type comes from property 'include' which is declared here on type '{ where: any; include: never; }'

[96msrc/staff/staff.service.ts[0m:[93m139[0m:[93m24[0m - [91merror[0m[90m TS2339: [0mProperty 'staffActivity' does not exist on type 'PrismaService'.

[7m139[0m     return this.prisma.staffActivity.create({
[7m   [0m [91m                       ~~~~~~~~~~~~~[0m

[96msrc/staff/staff.service.ts[0m:[93m149[0m:[93m24[0m - [91merror[0m[90m TS2339: [0mProperty 'staffActivity' does not exist on type 'PrismaService'.

[7m149[0m     return this.prisma.staffActivity.deleteMany({
[7m   [0m [91m                       ~~~~~~~~~~~~~[0m

[96msrc/staff/staff.service.ts[0m:[93m158[0m:[93m24[0m - [91merror[0m[90m TS2339: [0mProperty 'staffActivity' does not exist on type 'PrismaService'.

[7m158[0m     return this.prisma.staffActivity.findMany({
[7m   [0m [91m                       ~~~~~~~~~~~~~[0m

[[90m3:18:02 PM[0m] Found 28 errors. Watching for file changes.

[2J[3J[H[[90m3:18:13 PM[0m] File change detected. Starting incremental compilation...

[96msrc/activities/activities.service.ts[0m:[93m10[0m:[93m24[0m - [91merror[0m[90m TS2339: [0mProperty 'activity' does not exist on type 'PrismaService'.

[7m10[0m     return this.prisma.activity.findMany({
[7m  [0m [91m                       ~~~~~~~~[0m

[96msrc/activities/activities.service.ts[0m:[93m24[0m:[93m24[0m - [91merror[0m[90m TS2339: [0mProperty 'activity' does not exist on type 'PrismaService'.

[7m24[0m     return this.prisma.activity.findUnique({
[7m  [0m [91m                       ~~~~~~~~[0m

[96msrc/activities/activities.service.ts[0m:[93m34[0m:[93m24[0m - [91merror[0m[90m TS2339: [0mProperty 'activity' does not exist on type 'PrismaService'.

[7m34[0m     return this.prisma.activity.create({
[7m  [0m [91m                       ~~~~~~~~[0m

[96msrc/activities/activities.service.ts[0m:[93m43[0m:[93m24[0m - [91merror[0m[90m TS2339: [0mProperty 'activity' does not exist on type 'PrismaService'.

[7m43[0m     return this.prisma.activity.update({
[7m  [0m [91m                       ~~~~~~~~[0m

[96msrc/activities/activities.service.ts[0m:[93m53[0m:[93m24[0m - [91merror[0m[90m TS2339: [0mProperty 'activity' does not exist on type 'PrismaService'.

[7m53[0m     return this.prisma.activity.update({
[7m  [0m [91m                       ~~~~~~~~[0m

[96msrc/activities/activities.service.ts[0m:[93m60[0m:[93m24[0m - [91merror[0m[90m TS2339: [0mProperty 'activity' does not exist on type 'PrismaService'.

[7m60[0m     return this.prisma.activity.findMany({
[7m  [0m [91m                       ~~~~~~~~[0m

[96msrc/activities/activities.service.ts[0m:[93m69[0m:[93m24[0m - [91merror[0m[90m TS2339: [0mProperty 'activity' does not exist on type 'PrismaService'.

[7m69[0m     return this.prisma.activity.findMany({
[7m  [0m [91m                       ~~~~~~~~[0m

[96msrc/admin/admin-bookings.controller.ts[0m:[93m37[0m:[93m7[0m - [91merror[0m[90m TS2554: [0mExpected 0-4 arguments, but got 6.

[7m37[0m       status,
[7m  [0m [91m      ~~~~~~~[0m
[7m38[0m       upcoming
[7m  [0m [91m~~~~~~~~~~~~~~[0m

[96msrc/admin/admin-bookings.controller.ts[0m:[93m56[0m:[93m7[0m - [91merror[0m[90m TS2554: [0mExpected 0-4 arguments, but got 5.

[7m56[0m       'PENDING'
[7m  [0m [91m      ~~~~~~~~~[0m

[96msrc/admin/admin-bookings.controller.ts[0m:[93m110[0m:[93m46[0m - [91merror[0m[90m TS2353: [0mObject literal may only specify known properties, and 'staffId' does not exist in type 'UpdateBookingDto'.

[7m110[0m     return this.bookingsService.update(id, { staffId: body.staffId });
[7m   [0m [91m                                             ~~~~~~~[0m

[96msrc/admin/admin-bookings.controller.ts[0m:[93m119[0m:[93m33[0m - [91merror[0m[90m TS2339: [0mProperty 'getResourceAvailability' does not exist on type 'BookingsService'.

[7m119[0m     return this.bookingsService.getResourceAvailability(
[7m   [0m [91m                                ~~~~~~~~~~~~~~~~~~~~~~~[0m

[96msrc/admin/admin-bookings.controller.ts[0m:[93m120[0m:[93m15[0m - [91merror[0m[90m TS2339: [0mProperty 'activityId' does not exist on type '{ user: { id: string; email: string; name: string; }; resource: { pricingRules: { id: string; resourceId: string; startTime: string; endTime: string; createdAt: Date; updatedAt: Date; isActive: boolean; hourlyRate: number; label: string; }[]; } & { ...; }; } & { ...; }'.

[7m120[0m       booking.activityId,
[7m   [0m [91m              ~~~~~~~~~~[0m

[96msrc/bookings/bookings.controller.ts[0m:[93m32[0m:[93m35[0m - [91merror[0m[90m TS2339: [0mProperty 'findByActivity' does not exist on type 'BookingsService'.

[7m32[0m       return this.bookingsService.findByActivity(activityId);
[7m  [0m [91m                                  ~~~~~~~~~~~~~~[0m

[96msrc/pricing/pricing.controller.ts[0m:[93m64[0m:[93m7[0m - [91merror[0m[90m TS2554: [0mExpected 0-1 arguments, but got 5.

[7m64[0m       limit ? parseInt(limit) : 10,
[7m  [0m [91m      ~~~~~~~~~~~~~~~~~~~~~~~~~~~~~[0m
[7m65[0m       activityId,
[7m  [0m [91m~~~~~~~~~~~~~~~~~[0m
[7m66[0m       timeBlock as any,
[7m  [0m [91m~~~~~~~~~~~~~~~~~~~~~~~[0m
[7m67[0m       isActive !== undefined ? isActive === 'true' : undefined
[7m  [0m [91m~~~~~~~~~~~~~~~~~~~~~~~~~~~~~~~~~~~~~~~~~~~~~~~~~~~~~~~~~~~~~~[0m

[96msrc/pricing/pricing.controller.ts[0m:[93m76[0m:[93m32[0m - [91merror[0m[90m TS2339: [0mProperty 'findByActivity' does not exist on type 'PricingService'.

[7m76[0m     return this.pricingService.findByActivity(activityId);
[7m  [0m [91m                               ~~~~~~~~~~~~~~[0m

[96msrc/pricing/pricing.controller.ts[0m:[93m88[0m:[93m32[0m - [91merror[0m[90m TS2551: [0mProperty 'calculatePricing' does not exist on type 'PricingService'. Did you mean 'calculatePrice'?

[7m88[0m     return this.pricingService.calculatePricing(activityId, new Date(startTime));
[7m  [0m [91m                               ~~~~~~~~~~~~~~~~[0m

  [96msrc/pricing/pricing.service.ts[0m:[93m39[0m:[93m9[0m
    [7m39[0m   async calculatePrice(resourceId: string, startTime: Date, endTime: Date): Promise<number> {
    [7m  [0m [96m        ~~~~~~~~~~~~~~[0m
    'calculatePrice' is declared here.

[96msrc/resources/resources.controller.ts[0m:[93m17[0m:[93m36[0m - [91merror[0m[90m TS2339: [0mProperty 'findByActivity' does not exist on type 'ResourcesService'.

[7m17[0m       return this.resourcesService.findByActivity(activityId);
[7m  [0m [91m                                   ~~~~~~~~~~~~~~[0m

[96msrc/resources/resources.controller.ts[0m:[93m20[0m:[93m47[0m - [91merror[0m[90m TS2345: [0mArgument of type 'string' is not assignable to parameter of type 'ResourceType'.

[7m20[0m       return this.resourcesService.findByType(type);
[7m  [0m [91m                                              ~~~~[0m

[96msrc/staff/staff.service.ts[0m:[93m47[0m:[93m9[0m - [91merror[0m[90m TS2322: [0mType '{ activities: { include: { activity: true; }; }; }' is not assignable to type 'never'.

[7m47[0m         include: {
[7m  [0m [91m        ~~~~~~~[0m

  [96msrc/staff/staff.service.ts[0m:[93m47[0m:[93m9[0m
    [7m 47[0m         include: {
    [7m   [0m [96m        ~~~~~~~~~~[0m
    [7m 48[0m           activities: {
    [7m   [0m [96m~~~~~~~~~~~~~~~~~~~~~~~[0m
    [7m...[0m 
    [7m 52[0m           },
    [7m   [0m [96m~~~~~~~~~~~~[0m
    [7m 53[0m         },
    [7m   [0m [96m~~~~~~~~~[0m
    The expected type comes from property 'include' which is declared here on type '{ where: any; skip: number; take: number; orderBy: { createdAt: "desc"; }; include: never; }'

[96msrc/staff/staff.service.ts[0m:[93m70[0m:[93m7[0m - [91merror[0m[90m TS2322: [0mType '{ activities: { include: { activity: true; }; }; }' is not assignable to type 'never'.

[7m70[0m       include: {
[7m  [0m [91m      ~~~~~~~[0m

  [96msrc/staff/staff.service.ts[0m:[93m70[0m:[93m7[0m
    [7m 70[0m       include: {
    [7m   [0m [96m      ~~~~~~~~~~[0m
    [7m 71[0m         activities: {
    [7m   [0m [96m~~~~~~~~~~~~~~~~~~~~~[0m
    [7m...[0m 
    [7m 75[0m         },
    [7m   [0m [96m~~~~~~~~~~[0m
    [7m 76[0m       },
    [7m   [0m [96m~~~~~~~[0m
    The expected type comes from property 'include' which is declared here on type '{ where: { id: string; }; include: never; }'

[96msrc/staff/staff.service.ts[0m:[93m104[0m:[93m26[0m - [91merror[0m[90m TS2322: [0mType '"CONFIRMED"' is not assignable to type 'BookingStatus'.

[7m104[0m           status: { in: ['CONFIRMED', 'PENDING'] },
[7m   [0m [91m                         ~~~~~~~~~~~[0m

[96msrc/staff/staff.service.ts[0m:[93m106[0m:[93m19[0m - [91merror[0m[90m TS2353: [0mObject literal may only specify known properties, and 'staffId' does not exist in type 'BookingSelect<DefaultArgs>'.

[7m106[0m         select: { staffId: true },
[7m   [0m [91m                  ~~~~~~~[0m

  [96mgenerated/prisma/models/Booking.ts[0m:[93m1594[0m:[93m3[0m
    [7m1594[0m   select?: Prisma.BookingSelect<ExtArgs> | null
    [7m    [0m [96m  ~~~~~~[0m
    The expected type comes from property 'select' which is declared here on type '{ select?: BookingSelect<DefaultArgs>; omit?: BookingOmit<DefaultArgs>; include?: BookingInclude<DefaultArgs>; ... 5 more ...; distinct?: BookingScalarFieldEnum | BookingScalarFieldEnum[]; }'

[96msrc/staff/staff.service.ts[0m:[93m109[0m:[93m36[0m - [91merror[0m[90m TS2339: [0mProperty 'staffId' does not exist on type '{ id: string; createdAt: Date; updatedAt: Date; startTime: Date; endTime: Date; userId: string; resourceId: string; quantity: number; status: BookingStatus; totalPrice: number; notes: string; approvedBy: string; approvedAt: Date; }'.

[7m109[0m         .filter(booking => booking.staffId)
[7m   [0m [91m                                   ~~~~~~~[0m

[96msrc/staff/staff.service.ts[0m:[93m110[0m:[93m33[0m - [91merror[0m[90m TS2339: [0mProperty 'staffId' does not exist on type '{ id: string; createdAt: Date; updatedAt: Date; startTime: Date; endTime: Date; userId: string; resourceId: string; quantity: number; status: BookingStatus; totalPrice: number; notes: string; approvedBy: string; approvedAt: Date; }'.

[7m110[0m         .map(booking => booking.staffId)
[7m   [0m [91m                                ~~~~~~~[0m

[96msrc/staff/staff.service.ts[0m:[93m128[0m:[93m7[0m - [91merror[0m[90m TS2322: [0mType '{ activities: { include: { activity: true; }; }; }' is not assignable to type 'never'.

[7m128[0m       include: {
[7m   [0m [91m      ~~~~~~~[0m

  [96msrc/staff/staff.service.ts[0m:[93m128[0m:[93m7[0m
    [7m128[0m       include: {
    [7m   [0m [96m      ~~~~~~~~~~[0m
    [7m129[0m         activities: {
    [7m   [0m [96m~~~~~~~~~~~~~~~~~~~~~[0m
    [7m...[0m 
    [7m133[0m         },
    [7m   [0m [96m~~~~~~~~~~[0m
    [7m134[0m       },
    [7m   [0m [96m~~~~~~~[0m
    The expected type comes from property 'include' which is declared here on type '{ where: any; include: never; }'

[96msrc/staff/staff.service.ts[0m:[93m139[0m:[93m24[0m - [91merror[0m[90m TS2339: [0mProperty 'staffActivity' does not exist on type 'PrismaService'.

[7m139[0m     return this.prisma.staffActivity.create({
[7m   [0m [91m                       ~~~~~~~~~~~~~[0m

[96msrc/staff/staff.service.ts[0m:[93m149[0m:[93m24[0m - [91merror[0m[90m TS2339: [0mProperty 'staffActivity' does not exist on type 'PrismaService'.

[7m149[0m     return this.prisma.staffActivity.deleteMany({
[7m   [0m [91m                       ~~~~~~~~~~~~~[0m

[96msrc/staff/staff.service.ts[0m:[93m158[0m:[93m24[0m - [91merror[0m[90m TS2339: [0mProperty 'staffActivity' does not exist on type 'PrismaService'.

[7m158[0m     return this.prisma.staffActivity.findMany({
[7m   [0m [91m                       ~~~~~~~~~~~~~[0m

[[90m3:18:13 PM[0m] Found 28 errors. Watching for file changes.

[2J[3J[H[[90m3:18:27 PM[0m] File change detected. Starting incremental compilation...

[96msrc/activities/activities.service.ts[0m:[93m10[0m:[93m24[0m - [91merror[0m[90m TS2339: [0mProperty 'activity' does not exist on type 'PrismaService'.

[7m10[0m     return this.prisma.activity.findMany({
[7m  [0m [91m                       ~~~~~~~~[0m

[96msrc/activities/activities.service.ts[0m:[93m24[0m:[93m24[0m - [91merror[0m[90m TS2339: [0mProperty 'activity' does not exist on type 'PrismaService'.

[7m24[0m     return this.prisma.activity.findUnique({
[7m  [0m [91m                       ~~~~~~~~[0m

[96msrc/activities/activities.service.ts[0m:[93m34[0m:[93m24[0m - [91merror[0m[90m TS2339: [0mProperty 'activity' does not exist on type 'PrismaService'.

[7m34[0m     return this.prisma.activity.create({
[7m  [0m [91m                       ~~~~~~~~[0m

[96msrc/activities/activities.service.ts[0m:[93m43[0m:[93m24[0m - [91merror[0m[90m TS2339: [0mProperty 'activity' does not exist on type 'PrismaService'.

[7m43[0m     return this.prisma.activity.update({
[7m  [0m [91m                       ~~~~~~~~[0m

[96msrc/activities/activities.service.ts[0m:[93m53[0m:[93m24[0m - [91merror[0m[90m TS2339: [0mProperty 'activity' does not exist on type 'PrismaService'.

[7m53[0m     return this.prisma.activity.update({
[7m  [0m [91m                       ~~~~~~~~[0m

[96msrc/activities/activities.service.ts[0m:[93m60[0m:[93m24[0m - [91merror[0m[90m TS2339: [0mProperty 'activity' does not exist on type 'PrismaService'.

[7m60[0m     return this.prisma.activity.findMany({
[7m  [0m [91m                       ~~~~~~~~[0m

[96msrc/activities/activities.service.ts[0m:[93m69[0m:[93m24[0m - [91merror[0m[90m TS2339: [0mProperty 'activity' does not exist on type 'PrismaService'.

[7m69[0m     return this.prisma.activity.findMany({
[7m  [0m [91m                       ~~~~~~~~[0m

[96msrc/admin/admin-bookings.controller.ts[0m:[93m37[0m:[93m7[0m - [91merror[0m[90m TS2554: [0mExpected 0-4 arguments, but got 6.

[7m37[0m       status,
[7m  [0m [91m      ~~~~~~~[0m
[7m38[0m       upcoming
[7m  [0m [91m~~~~~~~~~~~~~~[0m

[96msrc/admin/admin-bookings.controller.ts[0m:[93m56[0m:[93m7[0m - [91merror[0m[90m TS2554: [0mExpected 0-4 arguments, but got 5.

[7m56[0m       'PENDING'
[7m  [0m [91m      ~~~~~~~~~[0m

[96msrc/admin/admin-bookings.controller.ts[0m:[93m110[0m:[93m46[0m - [91merror[0m[90m TS2353: [0mObject literal may only specify known properties, and 'staffId' does not exist in type 'UpdateBookingDto'.

[7m110[0m     return this.bookingsService.update(id, { staffId: body.staffId });
[7m   [0m [91m                                             ~~~~~~~[0m

[96msrc/admin/admin-bookings.controller.ts[0m:[93m119[0m:[93m33[0m - [91merror[0m[90m TS2339: [0mProperty 'getResourceAvailability' does not exist on type 'BookingsService'.

[7m119[0m     return this.bookingsService.getResourceAvailability(
[7m   [0m [91m                                ~~~~~~~~~~~~~~~~~~~~~~~[0m

[96msrc/admin/admin-bookings.controller.ts[0m:[93m120[0m:[93m15[0m - [91merror[0m[90m TS2339: [0mProperty 'activityId' does not exist on type '{ user: { id: string; email: string; name: string; }; resource: { pricingRules: { id: string; resourceId: string; startTime: string; endTime: string; createdAt: Date; updatedAt: Date; isActive: boolean; hourlyRate: number; label: string; }[]; } & { ...; }; } & { ...; }'.

[7m120[0m       booking.activityId,
[7m   [0m [91m              ~~~~~~~~~~[0m

[96msrc/bookings/bookings.controller.ts[0m:[93m32[0m:[93m35[0m - [91merror[0m[90m TS2339: [0mProperty 'findByActivity' does not exist on type 'BookingsService'.

[7m32[0m       return this.bookingsService.findByActivity(activityId);
[7m  [0m [91m                                  ~~~~~~~~~~~~~~[0m

[96msrc/pricing/pricing.controller.ts[0m:[93m64[0m:[93m7[0m - [91merror[0m[90m TS2554: [0mExpected 0-1 arguments, but got 5.

[7m64[0m       limit ? parseInt(limit) : 10,
[7m  [0m [91m      ~~~~~~~~~~~~~~~~~~~~~~~~~~~~~[0m
[7m65[0m       activityId,
[7m  [0m [91m~~~~~~~~~~~~~~~~~[0m
[7m66[0m       timeBlock as any,
[7m  [0m [91m~~~~~~~~~~~~~~~~~~~~~~~[0m
[7m67[0m       isActive !== undefined ? isActive === 'true' : undefined
[7m  [0m [91m~~~~~~~~~~~~~~~~~~~~~~~~~~~~~~~~~~~~~~~~~~~~~~~~~~~~~~~~~~~~~~[0m

[96msrc/pricing/pricing.controller.ts[0m:[93m76[0m:[93m32[0m - [91merror[0m[90m TS2339: [0mProperty 'findByActivity' does not exist on type 'PricingService'.

[7m76[0m     return this.pricingService.findByActivity(activityId);
[7m  [0m [91m                               ~~~~~~~~~~~~~~[0m

[96msrc/pricing/pricing.controller.ts[0m:[93m88[0m:[93m32[0m - [91merror[0m[90m TS2551: [0mProperty 'calculatePricing' does not exist on type 'PricingService'. Did you mean 'calculatePrice'?

[7m88[0m     return this.pricingService.calculatePricing(activityId, new Date(startTime));
[7m  [0m [91m                               ~~~~~~~~~~~~~~~~[0m

  [96msrc/pricing/pricing.service.ts[0m:[93m39[0m:[93m9[0m
    [7m39[0m   async calculatePrice(resourceId: string, startTime: Date, endTime: Date): Promise<number> {
    [7m  [0m [96m        ~~~~~~~~~~~~~~[0m
    'calculatePrice' is declared here.

[96msrc/resources/resources.controller.ts[0m:[93m17[0m:[93m36[0m - [91merror[0m[90m TS2339: [0mProperty 'findByActivity' does not exist on type 'ResourcesService'.

[7m17[0m       return this.resourcesService.findByActivity(activityId);
[7m  [0m [91m                                   ~~~~~~~~~~~~~~[0m

[96msrc/resources/resources.controller.ts[0m:[93m20[0m:[93m47[0m - [91merror[0m[90m TS2345: [0mArgument of type 'string' is not assignable to parameter of type 'ResourceType'.

[7m20[0m       return this.resourcesService.findByType(type);
[7m  [0m [91m                                              ~~~~[0m

[96msrc/staff/staff.controller.ts[0m:[93m78[0m:[93m7[0m - [91merror[0m[90m TS2554: [0mExpected 0-4 arguments, but got 5.

[7m78[0m       isActive !== undefined ? isActive === 'true' : undefined
[7m  [0m [91m      ~~~~~~~~~~~~~~~~~~~~~~~~~~~~~~~~~~~~~~~~~~~~~~~~~~~~~~~~[0m

[96msrc/staff/staff.controller.ts[0m:[93m93[0m:[93m30[0m - [91merror[0m[90m TS2339: [0mProperty 'getAvailableStaff' does not exist on type 'StaffService'.

[7m93[0m     return this.staffService.getAvailableStaff(
[7m  [0m [91m                             ~~~~~~~~~~~~~~~~~[0m

[96msrc/staff/staff.controller.ts[0m:[93m136[0m:[93m30[0m - [91merror[0m[90m TS2339: [0mProperty 'assignToActivity' does not exist on type 'StaffService'.

[7m136[0m     return this.staffService.assignToActivity(
[7m   [0m [91m                             ~~~~~~~~~~~~~~~~[0m

[96msrc/staff/staff.controller.ts[0m:[93m152[0m:[93m30[0m - [91merror[0m[90m TS2339: [0mProperty 'removeFromActivity' does not exist on type 'StaffService'.

[7m152[0m     return this.staffService.removeFromActivity(staffId, activityId);
[7m   [0m [91m                             ~~~~~~~~~~~~~~~~~~[0m

[96msrc/staff/staff.controller.ts[0m:[93m160[0m:[93m30[0m - [91merror[0m[90m TS2339: [0mProperty 'getStaffByActivity' does not exist on type 'StaffService'.

[7m160[0m     return this.staffService.getStaffByActivity(activityId);
[7m   [0m [91m                             ~~~~~~~~~~~~~~~~~~[0m

[[90m3:18:27 PM[0m] Found 23 errors. Watching for file changes.

[2J[3J[H[[90m3:18:36 PM[0m] File change detected. Starting incremental compilation...

[96msrc/activities/activities.controller.ts[0m:[93m40[0m:[93m35[0m - [91merror[0m[90m TS2339: [0mProperty 'create' does not exist on type 'ActivitiesService'.

[7m40[0m     return this.activitiesService.create(createActivityDto);
[7m  [0m [91m                                  ~~~~~~[0m

[96msrc/activities/activities.controller.ts[0m:[93m83[0m:[93m37[0m - [91merror[0m[90m TS2339: [0mProperty 'findByCategory' does not exist on type 'ActivitiesService'.

[7m83[0m       return this.activitiesService.findByCategory(category);
[7m  [0m [91m                                    ~~~~~~~~~~~~~~[0m

[96msrc/activities/activities.controller.ts[0m:[93m86[0m:[93m37[0m - [91merror[0m[90m TS2339: [0mProperty 'searchActivities' does not exist on type 'ActivitiesService'.

[7m86[0m       return this.activitiesService.searchActivities(search);
[7m  [0m [91m                                    ~~~~~~~~~~~~~~~~[0m

[96msrc/activities/activities.controller.ts[0m:[93m159[0m:[93m35[0m - [91merror[0m[90m TS2339: [0mProperty 'update' does not exist on type 'ActivitiesService'.

[7m159[0m     return this.activitiesService.update(id, updateActivityDto);
[7m   [0m [91m                                  ~~~~~~[0m

[96msrc/activities/activities.controller.ts[0m:[93m194[0m:[93m35[0m - [91merror[0m[90m TS2339: [0mProperty 'remove' does not exist on type 'ActivitiesService'.

[7m194[0m     return this.activitiesService.remove(id);
[7m   [0m [91m                                  ~~~~~~[0m

[96msrc/admin/admin-bookings.controller.ts[0m:[93m37[0m:[93m7[0m - [91merror[0m[90m TS2554: [0mExpected 0-4 arguments, but got 6.

[7m37[0m       status,
[7m  [0m [91m      ~~~~~~~[0m
[7m38[0m       upcoming
[7m  [0m [91m~~~~~~~~~~~~~~[0m

[96msrc/admin/admin-bookings.controller.ts[0m:[93m56[0m:[93m7[0m - [91merror[0m[90m TS2554: [0mExpected 0-4 arguments, but got 5.

[7m56[0m       'PENDING'
[7m  [0m [91m      ~~~~~~~~~[0m

[96msrc/admin/admin-bookings.controller.ts[0m:[93m110[0m:[93m46[0m - [91merror[0m[90m TS2353: [0mObject literal may only specify known properties, and 'staffId' does not exist in type 'UpdateBookingDto'.

[7m110[0m     return this.bookingsService.update(id, { staffId: body.staffId });
[7m   [0m [91m                                             ~~~~~~~[0m

[96msrc/admin/admin-bookings.controller.ts[0m:[93m119[0m:[93m33[0m - [91merror[0m[90m TS2339: [0mProperty 'getResourceAvailability' does not exist on type 'BookingsService'.

[7m119[0m     return this.bookingsService.getResourceAvailability(
[7m   [0m [91m                                ~~~~~~~~~~~~~~~~~~~~~~~[0m

[96msrc/admin/admin-bookings.controller.ts[0m:[93m120[0m:[93m15[0m - [91merror[0m[90m TS2339: [0mProperty 'activityId' does not exist on type '{ user: { id: string; email: string; name: string; }; resource: { pricingRules: { id: string; resourceId: string; startTime: string; endTime: string; createdAt: Date; updatedAt: Date; isActive: boolean; hourlyRate: number; label: string; }[]; } & { ...; }; } & { ...; }'.

[7m120[0m       booking.activityId,
[7m   [0m [91m              ~~~~~~~~~~[0m

[96msrc/bookings/bookings.controller.ts[0m:[93m32[0m:[93m35[0m - [91merror[0m[90m TS2339: [0mProperty 'findByActivity' does not exist on type 'BookingsService'.

[7m32[0m       return this.bookingsService.findByActivity(activityId);
[7m  [0m [91m                                  ~~~~~~~~~~~~~~[0m

[96msrc/pricing/pricing.controller.ts[0m:[93m64[0m:[93m7[0m - [91merror[0m[90m TS2554: [0mExpected 0-1 arguments, but got 5.

[7m64[0m       limit ? parseInt(limit) : 10,
[7m  [0m [91m      ~~~~~~~~~~~~~~~~~~~~~~~~~~~~~[0m
[7m65[0m       activityId,
[7m  [0m [91m~~~~~~~~~~~~~~~~~[0m
[7m66[0m       timeBlock as any,
[7m  [0m [91m~~~~~~~~~~~~~~~~~~~~~~~[0m
[7m67[0m       isActive !== undefined ? isActive === 'true' : undefined
[7m  [0m [91m~~~~~~~~~~~~~~~~~~~~~~~~~~~~~~~~~~~~~~~~~~~~~~~~~~~~~~~~~~~~~~[0m

[96msrc/pricing/pricing.controller.ts[0m:[93m76[0m:[93m32[0m - [91merror[0m[90m TS2339: [0mProperty 'findByActivity' does not exist on type 'PricingService'.

[7m76[0m     return this.pricingService.findByActivity(activityId);
[7m  [0m [91m                               ~~~~~~~~~~~~~~[0m

[96msrc/pricing/pricing.controller.ts[0m:[93m88[0m:[93m32[0m - [91merror[0m[90m TS2551: [0mProperty 'calculatePricing' does not exist on type 'PricingService'. Did you mean 'calculatePrice'?

[7m88[0m     return this.pricingService.calculatePricing(activityId, new Date(startTime));
[7m  [0m [91m                               ~~~~~~~~~~~~~~~~[0m

  [96msrc/pricing/pricing.service.ts[0m:[93m39[0m:[93m9[0m
    [7m39[0m   async calculatePrice(resourceId: string, startTime: Date, endTime: Date): Promise<number> {
    [7m  [0m [96m        ~~~~~~~~~~~~~~[0m
    'calculatePrice' is declared here.

[96msrc/resources/resources.controller.ts[0m:[93m17[0m:[93m36[0m - [91merror[0m[90m TS2339: [0mProperty 'findByActivity' does not exist on type 'ResourcesService'.

[7m17[0m       return this.resourcesService.findByActivity(activityId);
[7m  [0m [91m                                   ~~~~~~~~~~~~~~[0m

[96msrc/resources/resources.controller.ts[0m:[93m20[0m:[93m47[0m - [91merror[0m[90m TS2345: [0mArgument of type 'string' is not assignable to parameter of type 'ResourceType'.

[7m20[0m       return this.resourcesService.findByType(type);
[7m  [0m [91m                                              ~~~~[0m

[96msrc/staff/staff.controller.ts[0m:[93m78[0m:[93m7[0m - [91merror[0m[90m TS2554: [0mExpected 0-4 arguments, but got 5.

[7m78[0m       isActive !== undefined ? isActive === 'true' : undefined
[7m  [0m [91m      ~~~~~~~~~~~~~~~~~~~~~~~~~~~~~~~~~~~~~~~~~~~~~~~~~~~~~~~~[0m

[96msrc/staff/staff.controller.ts[0m:[93m93[0m:[93m30[0m - [91merror[0m[90m TS2339: [0mProperty 'getAvailableStaff' does not exist on type 'StaffService'.

[7m93[0m     return this.staffService.getAvailableStaff(
[7m  [0m [91m                             ~~~~~~~~~~~~~~~~~[0m

[96msrc/staff/staff.controller.ts[0m:[93m136[0m:[93m30[0m - [91merror[0m[90m TS2339: [0mProperty 'assignToActivity' does not exist on type 'StaffService'.

[7m136[0m     return this.staffService.assignToActivity(
[7m   [0m [91m                             ~~~~~~~~~~~~~~~~[0m

[96msrc/staff/staff.controller.ts[0m:[93m152[0m:[93m30[0m - [91merror[0m[90m TS2339: [0mProperty 'removeFromActivity' does not exist on type 'StaffService'.

[7m152[0m     return this.staffService.removeFromActivity(staffId, activityId);
[7m   [0m [91m                             ~~~~~~~~~~~~~~~~~~[0m

[96msrc/staff/staff.controller.ts[0m:[93m160[0m:[93m30[0m - [91merror[0m[90m TS2339: [0mProperty 'getStaffByActivity' does not exist on type 'StaffService'.

[7m160[0m     return this.staffService.getStaffByActivity(activityId);
[7m   [0m [91m                             ~~~~~~~~~~~~~~~~~~[0m

[[90m3:18:36 PM[0m] Found 21 errors. Watching for file changes.

[2J[3J[H[[90m3:18:50 PM[0m] File change detected. Starting incremental compilation...

[96msrc/activities/activities.controller.ts[0m:[93m40[0m:[93m35[0m - [91merror[0m[90m TS2339: [0mProperty 'create' does not exist on type 'ActivitiesService'.

[7m40[0m     return this.activitiesService.create(createActivityDto);
[7m  [0m [91m                                  ~~~~~~[0m

[96msrc/activities/activities.controller.ts[0m:[93m83[0m:[93m37[0m - [91merror[0m[90m TS2339: [0mProperty 'findByCategory' does not exist on type 'ActivitiesService'.

[7m83[0m       return this.activitiesService.findByCategory(category);
[7m  [0m [91m                                    ~~~~~~~~~~~~~~[0m

[96msrc/activities/activities.controller.ts[0m:[93m86[0m:[93m37[0m - [91merror[0m[90m TS2339: [0mProperty 'searchActivities' does not exist on type 'ActivitiesService'.

[7m86[0m       return this.activitiesService.searchActivities(search);
[7m  [0m [91m                                    ~~~~~~~~~~~~~~~~[0m

[96msrc/activities/activities.controller.ts[0m:[93m159[0m:[93m35[0m - [91merror[0m[90m TS2339: [0mProperty 'update' does not exist on type 'ActivitiesService'.

[7m159[0m     return this.activitiesService.update(id, updateActivityDto);
[7m   [0m [91m                                  ~~~~~~[0m

[96msrc/activities/activities.controller.ts[0m:[93m194[0m:[93m35[0m - [91merror[0m[90m TS2339: [0mProperty 'remove' does not exist on type 'ActivitiesService'.

[7m194[0m     return this.activitiesService.remove(id);
[7m   [0m [91m                                  ~~~~~~[0m

[96msrc/bookings/bookings.controller.ts[0m:[93m32[0m:[93m35[0m - [91merror[0m[90m TS2339: [0mProperty 'findByActivity' does not exist on type 'BookingsService'.

[7m32[0m       return this.bookingsService.findByActivity(activityId);
[7m  [0m [91m                                  ~~~~~~~~~~~~~~[0m

[96msrc/pricing/pricing.controller.ts[0m:[93m64[0m:[93m7[0m - [91merror[0m[90m TS2554: [0mExpected 0-1 arguments, but got 5.

[7m64[0m       limit ? parseInt(limit) : 10,
[7m  [0m [91m      ~~~~~~~~~~~~~~~~~~~~~~~~~~~~~[0m
[7m65[0m       activityId,
[7m  [0m [91m~~~~~~~~~~~~~~~~~[0m
[7m66[0m       timeBlock as any,
[7m  [0m [91m~~~~~~~~~~~~~~~~~~~~~~~[0m
[7m67[0m       isActive !== undefined ? isActive === 'true' : undefined
[7m  [0m [91m~~~~~~~~~~~~~~~~~~~~~~~~~~~~~~~~~~~~~~~~~~~~~~~~~~~~~~~~~~~~~~[0m

[96msrc/pricing/pricing.controller.ts[0m:[93m76[0m:[93m32[0m - [91merror[0m[90m TS2339: [0mProperty 'findByActivity' does not exist on type 'PricingService'.

[7m76[0m     return this.pricingService.findByActivity(activityId);
[7m  [0m [91m                               ~~~~~~~~~~~~~~[0m

[96msrc/pricing/pricing.controller.ts[0m:[93m88[0m:[93m32[0m - [91merror[0m[90m TS2551: [0mProperty 'calculatePricing' does not exist on type 'PricingService'. Did you mean 'calculatePrice'?

[7m88[0m     return this.pricingService.calculatePricing(activityId, new Date(startTime));
[7m  [0m [91m                               ~~~~~~~~~~~~~~~~[0m

  [96msrc/pricing/pricing.service.ts[0m:[93m39[0m:[93m9[0m
    [7m39[0m   async calculatePrice(resourceId: string, startTime: Date, endTime: Date): Promise<number> {
    [7m  [0m [96m        ~~~~~~~~~~~~~~[0m
    'calculatePrice' is declared here.

[96msrc/resources/resources.controller.ts[0m:[93m17[0m:[93m36[0m - [91merror[0m[90m TS2339: [0mProperty 'findByActivity' does not exist on type 'ResourcesService'.

[7m17[0m       return this.resourcesService.findByActivity(activityId);
[7m  [0m [91m                                   ~~~~~~~~~~~~~~[0m

[96msrc/resources/resources.controller.ts[0m:[93m20[0m:[93m47[0m - [91merror[0m[90m TS2345: [0mArgument of type 'string' is not assignable to parameter of type 'ResourceType'.

[7m20[0m       return this.resourcesService.findByType(type);
[7m  [0m [91m                                              ~~~~[0m

[96msrc/staff/staff.controller.ts[0m:[93m78[0m:[93m7[0m - [91merror[0m[90m TS2554: [0mExpected 0-4 arguments, but got 5.

[7m78[0m       isActive !== undefined ? isActive === 'true' : undefined
[7m  [0m [91m      ~~~~~~~~~~~~~~~~~~~~~~~~~~~~~~~~~~~~~~~~~~~~~~~~~~~~~~~~[0m

[96msrc/staff/staff.controller.ts[0m:[93m93[0m:[93m30[0m - [91merror[0m[90m TS2339: [0mProperty 'getAvailableStaff' does not exist on type 'StaffService'.

[7m93[0m     return this.staffService.getAvailableStaff(
[7m  [0m [91m                             ~~~~~~~~~~~~~~~~~[0m

[96msrc/staff/staff.controller.ts[0m:[93m136[0m:[93m30[0m - [91merror[0m[90m TS2339: [0mProperty 'assignToActivity' does not exist on type 'StaffService'.

[7m136[0m     return this.staffService.assignToActivity(
[7m   [0m [91m                             ~~~~~~~~~~~~~~~~[0m

[96msrc/staff/staff.controller.ts[0m:[93m152[0m:[93m30[0m - [91merror[0m[90m TS2339: [0mProperty 'removeFromActivity' does not exist on type 'StaffService'.

[7m152[0m     return this.staffService.removeFromActivity(staffId, activityId);
[7m   [0m [91m                             ~~~~~~~~~~~~~~~~~~[0m

[96msrc/staff/staff.controller.ts[0m:[93m160[0m:[93m30[0m - [91merror[0m[90m TS2339: [0mProperty 'getStaffByActivity' does not exist on type 'StaffService'.

[7m160[0m     return this.staffService.getStaffByActivity(activityId);
[7m   [0m [91m                             ~~~~~~~~~~~~~~~~~~[0m

[[90m3:18:50 PM[0m] Found 16 errors. Watching for file changes.

[2J[3J[H[[90m3:19:03 PM[0m] File change detected. Starting incremental compilation...

[96msrc/activities/activities.controller.ts[0m:[93m40[0m:[93m35[0m - [91merror[0m[90m TS2339: [0mProperty 'create' does not exist on type 'ActivitiesService'.

[7m40[0m     return this.activitiesService.create(createActivityDto);
[7m  [0m [91m                                  ~~~~~~[0m

[96msrc/activities/activities.controller.ts[0m:[93m83[0m:[93m37[0m - [91merror[0m[90m TS2339: [0mProperty 'findByCategory' does not exist on type 'ActivitiesService'.

[7m83[0m       return this.activitiesService.findByCategory(category);
[7m  [0m [91m                                    ~~~~~~~~~~~~~~[0m

[96msrc/activities/activities.controller.ts[0m:[93m86[0m:[93m37[0m - [91merror[0m[90m TS2339: [0mProperty 'searchActivities' does not exist on type 'ActivitiesService'.

[7m86[0m       return this.activitiesService.searchActivities(search);
[7m  [0m [91m                                    ~~~~~~~~~~~~~~~~[0m

[96msrc/activities/activities.controller.ts[0m:[93m159[0m:[93m35[0m - [91merror[0m[90m TS2339: [0mProperty 'update' does not exist on type 'ActivitiesService'.

[7m159[0m     return this.activitiesService.update(id, updateActivityDto);
[7m   [0m [91m                                  ~~~~~~[0m

[96msrc/activities/activities.controller.ts[0m:[93m194[0m:[93m35[0m - [91merror[0m[90m TS2339: [0mProperty 'remove' does not exist on type 'ActivitiesService'.

[7m194[0m     return this.activitiesService.remove(id);
[7m   [0m [91m                                  ~~~~~~[0m

[96msrc/bookings/bookings.controller.ts[0m:[93m32[0m:[93m35[0m - [91merror[0m[90m TS2339: [0mProperty 'findByActivity' does not exist on type 'BookingsService'.

[7m32[0m       return this.bookingsService.findByActivity(activityId);
[7m  [0m [91m                                  ~~~~~~~~~~~~~~[0m

[96msrc/pricing/pricing.controller.ts[0m:[93m64[0m:[93m7[0m - [91merror[0m[90m TS2554: [0mExpected 0-1 arguments, but got 5.

[7m64[0m       limit ? parseInt(limit) : 10,
[7m  [0m [91m      ~~~~~~~~~~~~~~~~~~~~~~~~~~~~~[0m
[7m65[0m       activityId,
[7m  [0m [91m~~~~~~~~~~~~~~~~~[0m
[7m66[0m       timeBlock as any,
[7m  [0m [91m~~~~~~~~~~~~~~~~~~~~~~~[0m
[7m67[0m       isActive !== undefined ? isActive === 'true' : undefined
[7m  [0m [91m~~~~~~~~~~~~~~~~~~~~~~~~~~~~~~~~~~~~~~~~~~~~~~~~~~~~~~~~~~~~~~[0m

[96msrc/pricing/pricing.controller.ts[0m:[93m76[0m:[93m32[0m - [91merror[0m[90m TS2339: [0mProperty 'findByActivity' does not exist on type 'PricingService'.

[7m76[0m     return this.pricingService.findByActivity(activityId);
[7m  [0m [91m                               ~~~~~~~~~~~~~~[0m

[96msrc/pricing/pricing.controller.ts[0m:[93m88[0m:[93m32[0m - [91merror[0m[90m TS2551: [0mProperty 'calculatePricing' does not exist on type 'PricingService'. Did you mean 'calculatePrice'?

[7m88[0m     return this.pricingService.calculatePricing(activityId, new Date(startTime));
[7m  [0m [91m                               ~~~~~~~~~~~~~~~~[0m

  [96msrc/pricing/pricing.service.ts[0m:[93m39[0m:[93m9[0m
    [7m39[0m   async calculatePrice(resourceId: string, startTime: Date, endTime: Date): Promise<number> {
    [7m  [0m [96m        ~~~~~~~~~~~~~~[0m
    'calculatePrice' is declared here.

[96msrc/resources/resources.controller.ts[0m:[93m17[0m:[93m36[0m - [91merror[0m[90m TS2339: [0mProperty 'findByActivity' does not exist on type 'ResourcesService'.

[7m17[0m       return this.resourcesService.findByActivity(activityId);
[7m  [0m [91m                                   ~~~~~~~~~~~~~~[0m

[96msrc/resources/resources.controller.ts[0m:[93m20[0m:[93m47[0m - [91merror[0m[90m TS2345: [0mArgument of type 'string' is not assignable to parameter of type 'ResourceType'.

[7m20[0m       return this.resourcesService.findByType(type);
[7m  [0m [91m                                              ~~~~[0m

[96msrc/staff/staff.controller.ts[0m:[93m78[0m:[93m7[0m - [91merror[0m[90m TS2554: [0mExpected 0-4 arguments, but got 5.

[7m78[0m       isActive !== undefined ? isActive === 'true' : undefined
[7m  [0m [91m      ~~~~~~~~~~~~~~~~~~~~~~~~~~~~~~~~~~~~~~~~~~~~~~~~~~~~~~~~[0m

[96msrc/staff/staff.controller.ts[0m:[93m93[0m:[93m30[0m - [91merror[0m[90m TS2339: [0mProperty 'getAvailableStaff' does not exist on type 'StaffService'.

[7m93[0m     return this.staffService.getAvailableStaff(
[7m  [0m [91m                             ~~~~~~~~~~~~~~~~~[0m

[96msrc/staff/staff.controller.ts[0m:[93m136[0m:[93m30[0m - [91merror[0m[90m TS2339: [0mProperty 'assignToActivity' does not exist on type 'StaffService'.

[7m136[0m     return this.staffService.assignToActivity(
[7m   [0m [91m                             ~~~~~~~~~~~~~~~~[0m

[96msrc/staff/staff.controller.ts[0m:[93m152[0m:[93m30[0m - [91merror[0m[90m TS2339: [0mProperty 'removeFromActivity' does not exist on type 'StaffService'.

[7m152[0m     return this.staffService.removeFromActivity(staffId, activityId);
[7m   [0m [91m                             ~~~~~~~~~~~~~~~~~~[0m

[96msrc/staff/staff.controller.ts[0m:[93m160[0m:[93m30[0m - [91merror[0m[90m TS2339: [0mProperty 'getStaffByActivity' does not exist on type 'StaffService'.

[7m160[0m     return this.staffService.getStaffByActivity(activityId);
[7m   [0m [91m                             ~~~~~~~~~~~~~~~~~~[0m

[[90m3:19:04 PM[0m] Found 16 errors. Watching for file changes.

[2J[3J[H[[90m3:19:22 PM[0m] File change detected. Starting incremental compilation...

[96msrc/activities/activities.controller.ts[0m:[93m40[0m:[93m35[0m - [91merror[0m[90m TS2339: [0mProperty 'create' does not exist on type 'ActivitiesService'.

[7m40[0m     return this.activitiesService.create(createActivityDto);
[7m  [0m [91m                                  ~~~~~~[0m

[96msrc/activities/activities.controller.ts[0m:[93m83[0m:[93m37[0m - [91merror[0m[90m TS2339: [0mProperty 'findByCategory' does not exist on type 'ActivitiesService'.

[7m83[0m       return this.activitiesService.findByCategory(category);
[7m  [0m [91m                                    ~~~~~~~~~~~~~~[0m

[96msrc/activities/activities.controller.ts[0m:[93m86[0m:[93m37[0m - [91merror[0m[90m TS2339: [0mProperty 'searchActivities' does not exist on type 'ActivitiesService'.

[7m86[0m       return this.activitiesService.searchActivities(search);
[7m  [0m [91m                                    ~~~~~~~~~~~~~~~~[0m

[96msrc/activities/activities.controller.ts[0m:[93m159[0m:[93m35[0m - [91merror[0m[90m TS2339: [0mProperty 'update' does not exist on type 'ActivitiesService'.

[7m159[0m     return this.activitiesService.update(id, updateActivityDto);
[7m   [0m [91m                                  ~~~~~~[0m

[96msrc/activities/activities.controller.ts[0m:[93m194[0m:[93m35[0m - [91merror[0m[90m TS2339: [0mProperty 'remove' does not exist on type 'ActivitiesService'.

[7m194[0m     return this.activitiesService.remove(id);
[7m   [0m [91m                                  ~~~~~~[0m

[96msrc/bookings/bookings.controller.ts[0m:[93m32[0m:[93m35[0m - [91merror[0m[90m TS2339: [0mProperty 'findByActivity' does not exist on type 'BookingsService'.

[7m32[0m       return this.bookingsService.findByActivity(activityId);
[7m  [0m [91m                                  ~~~~~~~~~~~~~~[0m

[96msrc/pricing/pricing.controller.ts[0m:[93m64[0m:[93m7[0m - [91merror[0m[90m TS2554: [0mExpected 0-1 arguments, but got 5.

[7m64[0m       limit ? parseInt(limit) : 10,
[7m  [0m [91m      ~~~~~~~~~~~~~~~~~~~~~~~~~~~~~[0m
[7m65[0m       activityId,
[7m  [0m [91m~~~~~~~~~~~~~~~~~[0m
[7m66[0m       timeBlock as any,
[7m  [0m [91m~~~~~~~~~~~~~~~~~~~~~~~[0m
[7m67[0m       isActive !== undefined ? isActive === 'true' : undefined
[7m  [0m [91m~~~~~~~~~~~~~~~~~~~~~~~~~~~~~~~~~~~~~~~~~~~~~~~~~~~~~~~~~~~~~~[0m

[96msrc/pricing/pricing.controller.ts[0m:[93m76[0m:[93m32[0m - [91merror[0m[90m TS2339: [0mProperty 'findByActivity' does not exist on type 'PricingService'.

[7m76[0m     return this.pricingService.findByActivity(activityId);
[7m  [0m [91m                               ~~~~~~~~~~~~~~[0m

[96msrc/pricing/pricing.controller.ts[0m:[93m88[0m:[93m32[0m - [91merror[0m[90m TS2551: [0mProperty 'calculatePricing' does not exist on type 'PricingService'. Did you mean 'calculatePrice'?

[7m88[0m     return this.pricingService.calculatePricing(activityId, new Date(startTime));
[7m  [0m [91m                               ~~~~~~~~~~~~~~~~[0m

  [96msrc/pricing/pricing.service.ts[0m:[93m39[0m:[93m9[0m
    [7m39[0m   async calculatePrice(resourceId: string, startTime: Date, endTime: Date): Promise<number> {
    [7m  [0m [96m        ~~~~~~~~~~~~~~[0m
    'calculatePrice' is declared here.

[96msrc/resources/resources.controller.ts[0m:[93m17[0m:[93m36[0m - [91merror[0m[90m TS2339: [0mProperty 'findByActivity' does not exist on type 'ResourcesService'.

[7m17[0m       return this.resourcesService.findByActivity(activityId);
[7m  [0m [91m                                   ~~~~~~~~~~~~~~[0m

[96msrc/resources/resources.controller.ts[0m:[93m20[0m:[93m47[0m - [91merror[0m[90m TS2345: [0mArgument of type 'string' is not assignable to parameter of type 'ResourceType'.

[7m20[0m       return this.resourcesService.findByType(type);
[7m  [0m [91m                                              ~~~~[0m

[96msrc/staff/staff.controller.ts[0m:[93m78[0m:[93m7[0m - [91merror[0m[90m TS2554: [0mExpected 0-4 arguments, but got 5.

[7m78[0m       isActive !== undefined ? isActive === 'true' : undefined
[7m  [0m [91m      ~~~~~~~~~~~~~~~~~~~~~~~~~~~~~~~~~~~~~~~~~~~~~~~~~~~~~~~~[0m

[96msrc/staff/staff.controller.ts[0m:[93m93[0m:[93m30[0m - [91merror[0m[90m TS2339: [0mProperty 'getAvailableStaff' does not exist on type 'StaffService'.

[7m93[0m     return this.staffService.getAvailableStaff(
[7m  [0m [91m                             ~~~~~~~~~~~~~~~~~[0m

[96msrc/staff/staff.controller.ts[0m:[93m136[0m:[93m30[0m - [91merror[0m[90m TS2339: [0mProperty 'assignToActivity' does not exist on type 'StaffService'.

[7m136[0m     return this.staffService.assignToActivity(
[7m   [0m [91m                             ~~~~~~~~~~~~~~~~[0m

[96msrc/staff/staff.controller.ts[0m:[93m152[0m:[93m30[0m - [91merror[0m[90m TS2339: [0mProperty 'removeFromActivity' does not exist on type 'StaffService'.

[7m152[0m     return this.staffService.removeFromActivity(staffId, activityId);
[7m   [0m [91m                             ~~~~~~~~~~~~~~~~~~[0m

[96msrc/staff/staff.controller.ts[0m:[93m160[0m:[93m30[0m - [91merror[0m[90m TS2339: [0mProperty 'getStaffByActivity' does not exist on type 'StaffService'.

[7m160[0m     return this.staffService.getStaffByActivity(activityId);
[7m   [0m [91m                             ~~~~~~~~~~~~~~~~~~[0m

[[90m3:19:22 PM[0m] Found 16 errors. Watching for file changes.

[2J[3J[H[[90m3:19:31 PM[0m] File change detected. Starting incremental compilation...

[96msrc/bookings/bookings.controller.ts[0m:[93m32[0m:[93m35[0m - [91merror[0m[90m TS2339: [0mProperty 'findByActivity' does not exist on type 'BookingsService'.

[7m32[0m       return this.bookingsService.findByActivity(activityId);
[7m  [0m [91m                                  ~~~~~~~~~~~~~~[0m

[96msrc/pricing/pricing.controller.ts[0m:[93m64[0m:[93m7[0m - [91merror[0m[90m TS2554: [0mExpected 0-1 arguments, but got 5.

[7m64[0m       limit ? parseInt(limit) : 10,
[7m  [0m [91m      ~~~~~~~~~~~~~~~~~~~~~~~~~~~~~[0m
[7m65[0m       activityId,
[7m  [0m [91m~~~~~~~~~~~~~~~~~[0m
[7m66[0m       timeBlock as any,
[7m  [0m [91m~~~~~~~~~~~~~~~~~~~~~~~[0m
[7m67[0m       isActive !== undefined ? isActive === 'true' : undefined
[7m  [0m [91m~~~~~~~~~~~~~~~~~~~~~~~~~~~~~~~~~~~~~~~~~~~~~~~~~~~~~~~~~~~~~~[0m

[96msrc/pricing/pricing.controller.ts[0m:[93m76[0m:[93m32[0m - [91merror[0m[90m TS2339: [0mProperty 'findByActivity' does not exist on type 'PricingService'.

[7m76[0m     return this.pricingService.findByActivity(activityId);
[7m  [0m [91m                               ~~~~~~~~~~~~~~[0m

[96msrc/pricing/pricing.controller.ts[0m:[93m88[0m:[93m32[0m - [91merror[0m[90m TS2551: [0mProperty 'calculatePricing' does not exist on type 'PricingService'. Did you mean 'calculatePrice'?

[7m88[0m     return this.pricingService.calculatePricing(activityId, new Date(startTime));
[7m  [0m [91m                               ~~~~~~~~~~~~~~~~[0m

  [96msrc/pricing/pricing.service.ts[0m:[93m39[0m:[93m9[0m
    [7m39[0m   async calculatePrice(resourceId: string, startTime: Date, endTime: Date): Promise<number> {
    [7m  [0m [96m        ~~~~~~~~~~~~~~[0m
    'calculatePrice' is declared here.

[96msrc/resources/resources.controller.ts[0m:[93m17[0m:[93m36[0m - [91merror[0m[90m TS2339: [0mProperty 'findByActivity' does not exist on type 'ResourcesService'.

[7m17[0m       return this.resourcesService.findByActivity(activityId);
[7m  [0m [91m                                   ~~~~~~~~~~~~~~[0m

[96msrc/resources/resources.controller.ts[0m:[93m20[0m:[93m47[0m - [91merror[0m[90m TS2345: [0mArgument of type 'string' is not assignable to parameter of type 'ResourceType'.

[7m20[0m       return this.resourcesService.findByType(type);
[7m  [0m [91m                                              ~~~~[0m

[96msrc/staff/staff.controller.ts[0m:[93m78[0m:[93m7[0m - [91merror[0m[90m TS2554: [0mExpected 0-4 arguments, but got 5.

[7m78[0m       isActive !== undefined ? isActive === 'true' : undefined
[7m  [0m [91m      ~~~~~~~~~~~~~~~~~~~~~~~~~~~~~~~~~~~~~~~~~~~~~~~~~~~~~~~~[0m

[96msrc/staff/staff.controller.ts[0m:[93m93[0m:[93m30[0m - [91merror[0m[90m TS2339: [0mProperty 'getAvailableStaff' does not exist on type 'StaffService'.

[7m93[0m     return this.staffService.getAvailableStaff(
[7m  [0m [91m                             ~~~~~~~~~~~~~~~~~[0m

[96msrc/staff/staff.controller.ts[0m:[93m136[0m:[93m30[0m - [91merror[0m[90m TS2339: [0mProperty 'assignToActivity' does not exist on type 'StaffService'.

[7m136[0m     return this.staffService.assignToActivity(
[7m   [0m [91m                             ~~~~~~~~~~~~~~~~[0m

[96msrc/staff/staff.controller.ts[0m:[93m152[0m:[93m30[0m - [91merror[0m[90m TS2339: [0mProperty 'removeFromActivity' does not exist on type 'StaffService'.

[7m152[0m     return this.staffService.removeFromActivity(staffId, activityId);
[7m   [0m [91m                             ~~~~~~~~~~~~~~~~~~[0m

[96msrc/staff/staff.controller.ts[0m:[93m160[0m:[93m30[0m - [91merror[0m[90m TS2339: [0mProperty 'getStaffByActivity' does not exist on type 'StaffService'.

[7m160[0m     return this.staffService.getStaffByActivity(activityId);
[7m   [0m [91m                             ~~~~~~~~~~~~~~~~~~[0m

[[90m3:19:31 PM[0m] Found 11 errors. Watching for file changes.

[2J[3J[H[[90m4:02:58 PM[0m] File change detected. Starting incremental compilation...

[96msrc/pricing/pricing.controller.ts[0m:[93m64[0m:[93m7[0m - [91merror[0m[90m TS2554: [0mExpected 0-1 arguments, but got 5.

[7m64[0m       limit ? parseInt(limit) : 10,
[7m  [0m [91m      ~~~~~~~~~~~~~~~~~~~~~~~~~~~~~[0m
[7m65[0m       activityId,
[7m  [0m [91m~~~~~~~~~~~~~~~~~[0m
[7m66[0m       timeBlock as any,
[7m  [0m [91m~~~~~~~~~~~~~~~~~~~~~~~[0m
[7m67[0m       isActive !== undefined ? isActive === 'true' : undefined
[7m  [0m [91m~~~~~~~~~~~~~~~~~~~~~~~~~~~~~~~~~~~~~~~~~~~~~~~~~~~~~~~~~~~~~~[0m

[96msrc/pricing/pricing.controller.ts[0m:[93m76[0m:[93m32[0m - [91merror[0m[90m TS2339: [0mProperty 'findByActivity' does not exist on type 'PricingService'.

[7m76[0m     return this.pricingService.findByActivity(activityId);
[7m  [0m [91m                               ~~~~~~~~~~~~~~[0m

[96msrc/pricing/pricing.controller.ts[0m:[93m88[0m:[93m32[0m - [91merror[0m[90m TS2551: [0mProperty 'calculatePricing' does not exist on type 'PricingService'. Did you mean 'calculatePrice'?

[7m88[0m     return this.pricingService.calculatePricing(activityId, new Date(startTime));
[7m  [0m [91m                               ~~~~~~~~~~~~~~~~[0m

  [96msrc/pricing/pricing.service.ts[0m:[93m39[0m:[93m9[0m
    [7m39[0m   async calculatePrice(resourceId: string, startTime: Date, endTime: Date): Promise<number> {
    [7m  [0m [96m        ~~~~~~~~~~~~~~[0m
    'calculatePrice' is declared here.

[96msrc/resources/resources.controller.ts[0m:[93m17[0m:[93m36[0m - [91merror[0m[90m TS2339: [0mProperty 'findByActivity' does not exist on type 'ResourcesService'.

[7m17[0m       return this.resourcesService.findByActivity(activityId);
[7m  [0m [91m                                   ~~~~~~~~~~~~~~[0m

[96msrc/resources/resources.controller.ts[0m:[93m20[0m:[93m47[0m - [91merror[0m[90m TS2345: [0mArgument of type 'string' is not assignable to parameter of type 'ResourceType'.

[7m20[0m       return this.resourcesService.findByType(type);
[7m  [0m [91m                                              ~~~~[0m

[96msrc/staff/staff.controller.ts[0m:[93m78[0m:[93m7[0m - [91merror[0m[90m TS2554: [0mExpected 0-4 arguments, but got 5.

[7m78[0m       isActive !== undefined ? isActive === 'true' : undefined
[7m  [0m [91m      ~~~~~~~~~~~~~~~~~~~~~~~~~~~~~~~~~~~~~~~~~~~~~~~~~~~~~~~~[0m

[96msrc/staff/staff.controller.ts[0m:[93m93[0m:[93m30[0m - [91merror[0m[90m TS2339: [0mProperty 'getAvailableStaff' does not exist on type 'StaffService'.

[7m93[0m     return this.staffService.getAvailableStaff(
[7m  [0m [91m                             ~~~~~~~~~~~~~~~~~[0m

[96msrc/staff/staff.controller.ts[0m:[93m136[0m:[93m30[0m - [91merror[0m[90m TS2339: [0mProperty 'assignToActivity' does not exist on type 'StaffService'.

[7m136[0m     return this.staffService.assignToActivity(
[7m   [0m [91m                             ~~~~~~~~~~~~~~~~[0m

[96msrc/staff/staff.controller.ts[0m:[93m152[0m:[93m30[0m - [91merror[0m[90m TS2339: [0mProperty 'removeFromActivity' does not exist on type 'StaffService'.

[7m152[0m     return this.staffService.removeFromActivity(staffId, activityId);
[7m   [0m [91m                             ~~~~~~~~~~~~~~~~~~[0m

[96msrc/staff/staff.controller.ts[0m:[93m160[0m:[93m30[0m - [91merror[0m[90m TS2339: [0mProperty 'getStaffByActivity' does not exist on type 'StaffService'.

[7m160[0m     return this.staffService.getStaffByActivity(activityId);
[7m   [0m [91m                             ~~~~~~~~~~~~~~~~~~[0m

[[90m4:02:58 PM[0m] Found 10 errors. Watching for file changes.

[32m[Nest] 30271  - [39m04/08/2026, 4:02:59 PM [32m    LOG[39m [38;5;3m[NestFactory] [39m[32mStarting Nest application...[39m
[32m[Nest] 30271  - [39m04/08/2026, 4:02:59 PM [32m    LOG[39m [38;5;3m[InstanceLoader] [39m[32mAppModule dependencies initialized[39m[38;5;3m +39ms[39m
[32m[Nest] 30271  - [39m04/08/2026, 4:02:59 PM [32m    LOG[39m [38;5;3m[InstanceLoader] [39m[32mPrismaModule dependencies initialized[39m[38;5;3m +0ms[39m
[32m[Nest] 30271  - [39m04/08/2026, 4:02:59 PM [32m    LOG[39m [38;5;3m[InstanceLoader] [39m[32mPassportModule dependencies initialized[39m[38;5;3m +0ms[39m
[32m[Nest] 30271  - [39m04/08/2026, 4:02:59 PM [32m    LOG[39m [38;5;3m[InstanceLoader] [39m[32mWebsocketModule dependencies initialized[39m[38;5;3m +1ms[39m
[32m[Nest] 30271  - [39m04/08/2026, 4:02:59 PM [32m    LOG[39m [38;5;3m[InstanceLoader] [39m[32mConfigHostModule dependencies initialized[39m[38;5;3m +1ms[39m
[32m[Nest] 30271  - [39m04/08/2026, 4:02:59 PM [32m    LOG[39m [38;5;3m[InstanceLoader] [39m[32mJwtModule dependencies initialized[39m[38;5;3m +1ms[39m
[32m[Nest] 30271  - [39m04/08/2026, 4:02:59 PM [32m    LOG[39m [38;5;3m[InstanceLoader] [39m[32mConfigModule dependencies initialized[39m[38;5;3m +1ms[39m
[32m[Nest] 30271  - [39m04/08/2026, 4:02:59 PM [32m    LOG[39m [38;5;3m[InstanceLoader] [39m[32mUsersModule dependencies initialized[39m[38;5;3m +0ms[39m
[32m[Nest] 30271  - [39m04/08/2026, 4:02:59 PM [32m    LOG[39m [38;5;3m[InstanceLoader] [39m[32mResourcesModule dependencies initialized[39m[38;5;3m +2ms[39m
[32m[Nest] 30271  - [39m04/08/2026, 4:02:59 PM [32m    LOG[39m [38;5;3m[InstanceLoader] [39m[32mNotificationsModule dependencies initialized[39m[38;5;3m +0ms[39m
[32m[Nest] 30271  - [39m04/08/2026, 4:02:59 PM [32m    LOG[39m [38;5;3m[InstanceLoader] [39m[32mActivitiesModule dependencies initialized[39m[38;5;3m +1ms[39m
[32m[Nest] 30271  - [39m04/08/2026, 4:02:59 PM [32m    LOG[39m [38;5;3m[InstanceLoader] [39m[32mAdminModule dependencies initialized[39m[38;5;3m +1ms[39m
[32m[Nest] 30271  - [39m04/08/2026, 4:02:59 PM [32m    LOG[39m [38;5;3m[InstanceLoader] [39m[32mPricingModule dependencies initialized[39m[38;5;3m +0ms[39m
[32m[Nest] 30271  - [39m04/08/2026, 4:02:59 PM [32m    LOG[39m [38;5;3m[InstanceLoader] [39m[32mStaffModule dependencies initialized[39m[38;5;3m +0ms[39m
[32m[Nest] 30271  - [39m04/08/2026, 4:02:59 PM [32m    LOG[39m [38;5;3m[InstanceLoader] [39m[32mBookingsModule dependencies initialized[39m[38;5;3m +0ms[39m
[32m[Nest] 30271  - [39m04/08/2026, 4:02:59 PM [32m    LOG[39m [38;5;3m[InstanceLoader] [39m[32mAuthModule dependencies initialized[39m[38;5;3m +0ms[39m
[32m[Nest] 30271  - [39m04/08/2026, 4:02:59 PM [32m    LOG[39m [38;5;3m[WebSocketsController] [39m[32mWebsocketGateway subscribed to the "join-room" message[39m[38;5;3m +106ms[39m
[32m[Nest] 30271  - [39m04/08/2026, 4:02:59 PM [32m    LOG[39m [38;5;3m[WebSocketsController] [39m[32mWebsocketGateway subscribed to the "leave-room" message[39m[38;5;3m +0ms[39m
[32m[Nest] 30271  - [39m04/08/2026, 4:02:59 PM [32m    LOG[39m [38;5;3m[WebSocketsController] [39m[32mWebsocketGateway subscribed to the "booking-update" message[39m[38;5;3m +0ms[39m
[32m[Nest] 30271  - [39m04/08/2026, 4:02:59 PM [32m    LOG[39m [38;5;3m[WebSocketsController] [39m[32mWebsocketGateway subscribed to the "activity-update" message[39m[38;5;3m +0ms[39m
[32m[Nest] 30271  - [39m04/08/2026, 4:02:59 PM [32m    LOG[39m [38;5;3m[WebSocketsController] [39m[32mWebsocketGateway subscribed to the "notification" message[39m[38;5;3m +0ms[39m
[32m[Nest] 30271  - [39m04/08/2026, 4:02:59 PM [32m    LOG[39m [38;5;3m[RoutesResolver] [39m[32mAuthController {/auth}:[39m[38;5;3m +2ms[39m
[32m[Nest] 30271  - [39m04/08/2026, 4:02:59 PM [32m    LOG[39m [38;5;3m[RouterExplorer] [39m[32mMapped {/auth/register, POST} route[39m[38;5;3m +4ms[39m
[32m[Nest] 30271  - [39m04/08/2026, 4:02:59 PM [32m    LOG[39m [38;5;3m[RouterExplorer] [39m[32mMapped {/auth/login, POST} route[39m[38;5;3m +0ms[39m
[32m[Nest] 30271  - [39m04/08/2026, 4:02:59 PM [32m    LOG[39m [38;5;3m[RouterExplorer] [39m[32mMapped {/auth/profile, GET} route[39m[38;5;3m +1ms[39m
[32m[Nest] 30271  - [39m04/08/2026, 4:02:59 PM [32m    LOG[39m [38;5;3m[RouterExplorer] [39m[32mMapped {/auth/profile, PUT} route[39m[38;5;3m +1ms[39m
[32m[Nest] 30271  - [39m04/08/2026, 4:02:59 PM [32m    LOG[39m [38;5;3m[RouterExplorer] [39m[32mMapped {/auth/refresh, POST} route[39m[38;5;3m +0ms[39m
[32m[Nest] 30271  - [39m04/08/2026, 4:02:59 PM [32m    LOG[39m [38;5;3m[RoutesResolver] [39m[32mUsersController {/users}:[39m[38;5;3m +0ms[39m
[32m[Nest] 30271  - [39m04/08/2026, 4:02:59 PM [32m    LOG[39m [38;5;3m[RouterExplorer] [39m[32mMapped {/users, GET} route[39m[38;5;3m +1ms[39m
[32m[Nest] 30271  - [39m04/08/2026, 4:02:59 PM [32m    LOG[39m [38;5;3m[RouterExplorer] [39m[32mMapped {/users/:id, GET} route[39m[38;5;3m +0ms[39m
[32m[Nest] 30271  - [39m04/08/2026, 4:02:59 PM [32m    LOG[39m [38;5;3m[RouterExplorer] [39m[32mMapped {/users, POST} route[39m[38;5;3m +1ms[39m
[32m[Nest] 30271  - [39m04/08/2026, 4:02:59 PM [32m    LOG[39m [38;5;3m[RouterExplorer] [39m[32mMapped {/users/:id, PUT} route[39m[38;5;3m +0ms[39m
[32m[Nest] 30271  - [39m04/08/2026, 4:02:59 PM [32m    LOG[39m [38;5;3m[RouterExplorer] [39m[32mMapped {/users/:id, DELETE} route[39m[38;5;3m +1ms[39m
[32m[Nest] 30271  - [39m04/08/2026, 4:02:59 PM [32m    LOG[39m [38;5;3m[RoutesResolver] [39m[32mActivitiesController {/activities}:[39m[38;5;3m +0ms[39m
[32m[Nest] 30271  - [39m04/08/2026, 4:02:59 PM [32m    LOG[39m [38;5;3m[RouterExplorer] [39m[32mMapped {/activities, GET} route[39m[38;5;3m +0ms[39m
[32m[Nest] 30271  - [39m04/08/2026, 4:02:59 PM [32m    LOG[39m [38;5;3m[RouterExplorer] [39m[32mMapped {/activities/:id, GET} route[39m[38;5;3m +1ms[39m
[32m[Nest] 30271  - [39m04/08/2026, 4:02:59 PM [32m    LOG[39m [38;5;3m[RoutesResolver] [39m[32mResourcesController {/resources}:[39m[38;5;3m +0ms[39m
[32m[Nest] 30271  - [39m04/08/2026, 4:02:59 PM [32m    LOG[39m [38;5;3m[RouterExplorer] [39m[32mMapped {/resources, POST} route[39m[38;5;3m +1ms[39m
[32m[Nest] 30271  - [39m04/08/2026, 4:02:59 PM [32m    LOG[39m [38;5;3m[RouterExplorer] [39m[32mMapped {/resources, GET} route[39m[38;5;3m +0ms[39m
[32m[Nest] 30271  - [39m04/08/2026, 4:02:59 PM [32m    LOG[39m [38;5;3m[RouterExplorer] [39m[32mMapped {/resources/:id, GET} route[39m[38;5;3m +1ms[39m
[32m[Nest] 30271  - [39m04/08/2026, 4:02:59 PM [32m    LOG[39m [38;5;3m[RouterExplorer] [39m[32mMapped {/resources/:id, PUT} route[39m[38;5;3m +0ms[39m
[32m[Nest] 30271  - [39m04/08/2026, 4:02:59 PM [32m    LOG[39m [38;5;3m[RouterExplorer] [39m[32mMapped {/resources/:id, DELETE} route[39m[38;5;3m +0ms[39m
[32m[Nest] 30271  - [39m04/08/2026, 4:02:59 PM [32m    LOG[39m [38;5;3m[RoutesResolver] [39m[32mBookingsController {/bookings}:[39m[38;5;3m +1ms[39m
[32m[Nest] 30271  - [39m04/08/2026, 4:02:59 PM [32m    LOG[39m [38;5;3m[RouterExplorer] [39m[32mMapped {/bookings, POST} route[39m[38;5;3m +0ms[39m
[32m[Nest] 30271  - [39m04/08/2026, 4:02:59 PM [32m    LOG[39m [38;5;3m[RouterExplorer] [39m[32mMapped {/bookings, GET} route[39m[38;5;3m +0ms[39m
[32m[Nest] 30271  - [39m04/08/2026, 4:02:59 PM [32m    LOG[39m [38;5;3m[RouterExplorer] [39m[32mMapped {/bookings/:id, GET} route[39m[38;5;3m +1ms[39m
[32m[Nest] 30271  - [39m04/08/2026, 4:02:59 PM [32m    LOG[39m [38;5;3m[RouterExplorer] [39m[32mMapped {/bookings/:id, PUT} route[39m[38;5;3m +0ms[39m
[32m[Nest] 30271  - [39m04/08/2026, 4:02:59 PM [32m    LOG[39m [38;5;3m[RouterExplorer] [39m[32mMapped {/bookings/:id, DELETE} route[39m[38;5;3m +0ms[39m
[32m[Nest] 30271  - [39m04/08/2026, 4:02:59 PM [32m    LOG[39m [38;5;3m[RoutesResolver] [39m[32mPricingController {/pricing}:[39m[38;5;3m +0ms[39m
[32m[Nest] 30271  - [39m04/08/2026, 4:02:59 PM [32m    LOG[39m [38;5;3m[RouterExplorer] [39m[32mMapped {/pricing, POST} route[39m[38;5;3m +1ms[39m
[32m[Nest] 30271  - [39m04/08/2026, 4:02:59 PM [32m    LOG[39m [38;5;3m[RouterExplorer] [39m[32mMapped {/pricing, GET} route[39m[38;5;3m +0ms[39m
[32m[Nest] 30271  - [39m04/08/2026, 4:02:59 PM [32m    LOG[39m [38;5;3m[RouterExplorer] [39m[32mMapped {/pricing/activity/:activityId, GET} route[39m[38;5;3m +0ms[39m
[32m[Nest] 30271  - [39m04/08/2026, 4:02:59 PM [32m    LOG[39m [38;5;3m[RouterExplorer] [39m[32mMapped {/pricing/calculate/:activityId, GET} route[39m[38;5;3m +1ms[39m
[32m[Nest] 30271  - [39m04/08/2026, 4:02:59 PM [32m    LOG[39m [38;5;3m[RouterExplorer] [39m[32mMapped {/pricing/:id, GET} route[39m[38;5;3m +0ms[39m
[32m[Nest] 30271  - [39m04/08/2026, 4:02:59 PM [32m    LOG[39m [38;5;3m[RouterExplorer] [39m[32mMapped {/pricing/:id, PUT} route[39m[38;5;3m +0ms[39m
[32m[Nest] 30271  - [39m04/08/2026, 4:02:59 PM [32m    LOG[39m [38;5;3m[RouterExplorer] [39m[32mMapped {/pricing/:id, DELETE} route[39m[38;5;3m +1ms[39m
[32m[Nest] 30271  - [39m04/08/2026, 4:02:59 PM [32m    LOG[39m [38;5;3m[RoutesResolver] [39m[32mNotificationsController {/notifications}:[39m[38;5;3m +0ms[39m
[32m[Nest] 30271  - [39m04/08/2026, 4:02:59 PM [32m    LOG[39m [38;5;3m[RouterExplorer] [39m[32mMapped {/notifications, POST} route[39m[38;5;3m +0ms[39m
[32m[Nest] 30271  - [39m04/08/2026, 4:02:59 PM [32m    LOG[39m [38;5;3m[RouterExplorer] [39m[32mMapped {/notifications, GET} route[39m[38;5;3m +1ms[39m
[32m[Nest] 30271  - [39m04/08/2026, 4:02:59 PM [32m    LOG[39m [38;5;3m[RouterExplorer] [39m[32mMapped {/notifications/unread-count/:userId, GET} route[39m[38;5;3m +0ms[39m
[32m[Nest] 30271  - [39m04/08/2026, 4:02:59 PM [32m    LOG[39m [38;5;3m[RouterExplorer] [39m[32mMapped {/notifications/:id, GET} route[39m[38;5;3m +0ms[39m
[32m[Nest] 30271  - [39m04/08/2026, 4:02:59 PM [32m    LOG[39m [38;5;3m[RouterExplorer] [39m[32mMapped {/notifications/:id, PUT} route[39m[38;5;3m +0ms[39m
[32m[Nest] 30271  - [39m04/08/2026, 4:02:59 PM [32m    LOG[39m [38;5;3m[RouterExplorer] [39m[32mMapped {/notifications/:id/read, PUT} route[39m[38;5;3m +0ms[39m
[32m[Nest] 30271  - [39m04/08/2026, 4:02:59 PM [32m    LOG[39m [38;5;3m[RouterExplorer] [39m[32mMapped {/notifications/read-all/:userId, PUT} route[39m[38;5;3m +1ms[39m
[32m[Nest] 30271  - [39m04/08/2026, 4:02:59 PM [32m    LOG[39m [38;5;3m[RouterExplorer] [39m[32mMapped {/notifications/:id, DELETE} route[39m[38;5;3m +0ms[39m
[32m[Nest] 30271  - [39m04/08/2026, 4:02:59 PM [32m    LOG[39m [38;5;3m[RoutesResolver] [39m[32mStaffController {/staff}:[39m[38;5;3m +1ms[39m
[32m[Nest] 30271  - [39m04/08/2026, 4:02:59 PM [32m    LOG[39m [38;5;3m[RouterExplorer] [39m[32mMapped {/staff, POST} route[39m[38;5;3m +0ms[39m
[32m[Nest] 30271  - [39m04/08/2026, 4:02:59 PM [32m    LOG[39m [38;5;3m[RouterExplorer] [39m[32mMapped {/staff, GET} route[39m[38;5;3m +0ms[39m
[32m[Nest] 30271  - [39m04/08/2026, 4:02:59 PM [32m    LOG[39m [38;5;3m[RouterExplorer] [39m[32mMapped {/staff/available, GET} route[39m[38;5;3m +1ms[39m
[32m[Nest] 30271  - [39m04/08/2026, 4:02:59 PM [32m    LOG[39m [38;5;3m[RouterExplorer] [39m[32mMapped {/staff/:id, GET} route[39m[38;5;3m +0ms[39m
[32m[Nest] 30271  - [39m04/08/2026, 4:02:59 PM [32m    LOG[39m [38;5;3m[RouterExplorer] [39m[32mMapped {/staff/:id, PATCH} route[39m[38;5;3m +0ms[39m
[32m[Nest] 30271  - [39m04/08/2026, 4:02:59 PM [32m    LOG[39m [38;5;3m[RouterExplorer] [39m[32mMapped {/staff/:id, DELETE} route[39m[38;5;3m +1ms[39m
[32m[Nest] 30271  - [39m04/08/2026, 4:02:59 PM [32m    LOG[39m [38;5;3m[RouterExplorer] [39m[32mMapped {/staff/:staffId/assign/:activityId, POST} route[39m[38;5;3m +0ms[39m
[32m[Nest] 30271  - [39m04/08/2026, 4:02:59 PM [32m    LOG[39m [38;5;3m[RouterExplorer] [39m[32mMapped {/staff/:staffId/assign/:activityId, DELETE} route[39m[38;5;3m +0ms[39m
[32m[Nest] 30271  - [39m04/08/2026, 4:02:59 PM [32m    LOG[39m [38;5;3m[RouterExplorer] [39m[32mMapped {/staff/activity/:activityId, GET} route[39m[38;5;3m +1ms[39m
[32m[Nest] 30271  - [39m04/08/2026, 4:02:59 PM [32m    LOG[39m [38;5;3m[RoutesResolver] [39m[32mAdminBookingsController {/admin/bookings}:[39m[38;5;3m +0ms[39m
[32m[Nest] 30271  - [39m04/08/2026, 4:02:59 PM [32m    LOG[39m [38;5;3m[RouterExplorer] [39m[32mMapped {/admin/bookings, GET} route[39m[38;5;3m +0ms[39m
[32m[Nest] 30271  - [39m04/08/2026, 4:02:59 PM [32m    LOG[39m [38;5;3m[RouterExplorer] [39m[32mMapped {/admin/bookings/pending, GET} route[39m[38;5;3m +0ms[39m
[32m[Nest] 30271  - [39m04/08/2026, 4:02:59 PM [32m    LOG[39m [38;5;3m[RouterExplorer] [39m[32mMapped {/admin/bookings/dashboard, GET} route[39m[38;5;3m +1ms[39m
[32m[Nest] 30271  - [39m04/08/2026, 4:02:59 PM [32m    LOG[39m [38;5;3m[RouterExplorer] [39m[32mMapped {/admin/bookings/:id/approve, POST} route[39m[38;5;3m +0ms[39m
[32m[Nest] 30271  - [39m04/08/2026, 4:02:59 PM [32m    LOG[39m [38;5;3m[RouterExplorer] [39m[32mMapped {/admin/bookings/:id/reject, POST} route[39m[38;5;3m +0ms[39m
[32m[Nest] 30271  - [39m04/08/2026, 4:03:00 PM [32m    LOG[39m [38;5;3m[PrismaService] [39m[32mDatabase connected[39m
[32m[Nest] 30271  - [39m04/08/2026, 4:03:00 PM [32m    LOG[39m [38;5;3m[NestApplication] [39m[32mNest application successfully started[39m[38;5;3m +3ms[39m
[31m[Nest] 30271  - [39m04/08/2026, 4:03:00 PM [31m  ERROR[39m [38;5;3m[NestApplication] [39m[31mError: listen EADDRINUSE: address already in use :::3010[39m[38;5;3m +3ms[39m
node:net:1948
    const ex = new UVExceptionWithHostPort(err, 'listen', address, port);
               ^

Error: listen EADDRINUSE: address already in use :::3010
    at Server.setupListenHandle [as _listen2] (node:net:1948:16)
    at listenInCluster (node:net:2005:12)
    at Server.listen (node:net:2110:7)
    at ExpressAdapter.listen (/home/ed/CascadeProjects/activity-booking-platform/node_modules/@nestjs/platform-express/adapters/express-adapter.js:115:32)
    at /home/ed/CascadeProjects/activity-booking-platform/node_modules/@nestjs/core/nest-application.js:188:30
    at new Promise (<anonymous>)
    at NestApplication.listen (/home/ed/CascadeProjects/activity-booking-platform/node_modules/@nestjs/core/nest-application.js:178:16)
    at async bootstrap (/home/ed/CascadeProjects/activity-booking-platform/src/main.ts:46:3) {
  code: 'EADDRINUSE',
  errno: -98,
  syscall: 'listen',
  address: '::',
  port: 3010
}

Node.js v24.14.1
[2J[3J[H[[90m4:03:07 PM[0m] File change detected. Starting incremental compilation...

[96msrc/resources/resources.controller.ts[0m:[93m17[0m:[93m36[0m - [91merror[0m[90m TS2339: [0mProperty 'findByActivity' does not exist on type 'ResourcesService'.

[7m17[0m       return this.resourcesService.findByActivity(activityId);
[7m  [0m [91m                                   ~~~~~~~~~~~~~~[0m

[96msrc/resources/resources.controller.ts[0m:[93m20[0m:[93m47[0m - [91merror[0m[90m TS2345: [0mArgument of type 'string' is not assignable to parameter of type 'ResourceType'.

[7m20[0m       return this.resourcesService.findByType(type);
[7m  [0m [91m                                              ~~~~[0m

[96msrc/staff/staff.controller.ts[0m:[93m78[0m:[93m7[0m - [91merror[0m[90m TS2554: [0mExpected 0-4 arguments, but got 5.

[7m78[0m       isActive !== undefined ? isActive === 'true' : undefined
[7m  [0m [91m      ~~~~~~~~~~~~~~~~~~~~~~~~~~~~~~~~~~~~~~~~~~~~~~~~~~~~~~~~[0m

[96msrc/staff/staff.controller.ts[0m:[93m93[0m:[93m30[0m - [91merror[0m[90m TS2339: [0mProperty 'getAvailableStaff' does not exist on type 'StaffService'.

[7m93[0m     return this.staffService.getAvailableStaff(
[7m  [0m [91m                             ~~~~~~~~~~~~~~~~~[0m

[96msrc/staff/staff.controller.ts[0m:[93m136[0m:[93m30[0m - [91merror[0m[90m TS2339: [0mProperty 'assignToActivity' does not exist on type 'StaffService'.

[7m136[0m     return this.staffService.assignToActivity(
[7m   [0m [91m                             ~~~~~~~~~~~~~~~~[0m

[96msrc/staff/staff.controller.ts[0m:[93m152[0m:[93m30[0m - [91merror[0m[90m TS2339: [0mProperty 'removeFromActivity' does not exist on type 'StaffService'.

[7m152[0m     return this.staffService.removeFromActivity(staffId, activityId);
[7m   [0m [91m                             ~~~~~~~~~~~~~~~~~~[0m

[96msrc/staff/staff.controller.ts[0m:[93m160[0m:[93m30[0m - [91merror[0m[90m TS2339: [0mProperty 'getStaffByActivity' does not exist on type 'StaffService'.

[7m160[0m     return this.staffService.getStaffByActivity(activityId);
[7m   [0m [91m                             ~~~~~~~~~~~~~~~~~~[0m

[[90m4:03:07 PM[0m] Found 7 errors. Watching for file changes.

[2J[3J[H[[90m4:03:15 PM[0m] File change detected. Starting incremental compilation...

[96msrc/staff/staff.controller.ts[0m:[93m78[0m:[93m7[0m - [91merror[0m[90m TS2554: [0mExpected 0-4 arguments, but got 5.

[7m78[0m       isActive !== undefined ? isActive === 'true' : undefined
[7m  [0m [91m      ~~~~~~~~~~~~~~~~~~~~~~~~~~~~~~~~~~~~~~~~~~~~~~~~~~~~~~~~[0m

[96msrc/staff/staff.controller.ts[0m:[93m93[0m:[93m30[0m - [91merror[0m[90m TS2339: [0mProperty 'getAvailableStaff' does not exist on type 'StaffService'.

[7m93[0m     return this.staffService.getAvailableStaff(
[7m  [0m [91m                             ~~~~~~~~~~~~~~~~~[0m

[96msrc/staff/staff.controller.ts[0m:[93m136[0m:[93m30[0m - [91merror[0m[90m TS2339: [0mProperty 'assignToActivity' does not exist on type 'StaffService'.

[7m136[0m     return this.staffService.assignToActivity(
[7m   [0m [91m                             ~~~~~~~~~~~~~~~~[0m

[96msrc/staff/staff.controller.ts[0m:[93m152[0m:[93m30[0m - [91merror[0m[90m TS2339: [0mProperty 'removeFromActivity' does not exist on type 'StaffService'.

[7m152[0m     return this.staffService.removeFromActivity(staffId, activityId);
[7m   [0m [91m                             ~~~~~~~~~~~~~~~~~~[0m

[96msrc/staff/staff.controller.ts[0m:[93m160[0m:[93m30[0m - [91merror[0m[90m TS2339: [0mProperty 'getStaffByActivity' does not exist on type 'StaffService'.

[7m160[0m     return this.staffService.getStaffByActivity(activityId);
[7m   [0m [91m                             ~~~~~~~~~~~~~~~~~~[0m

[[90m4:03:15 PM[0m] Found 5 errors. Watching for file changes.

[2J[3J[H[[90m4:03:32 PM[0m] File change detected. Starting incremental compilation...

[[90m4:03:32 PM[0m] Found 0 errors. Watching for file changes.

[32m[Nest] 30569  - [39m04/08/2026, 4:03:33 PM [32m    LOG[39m [38;5;3m[NestFactory] [39m[32mStarting Nest application...[39m
[32m[Nest] 30569  - [39m04/08/2026, 4:03:33 PM [32m    LOG[39m [38;5;3m[InstanceLoader] [39m[32mAppModule dependencies initialized[39m[38;5;3m +19ms[39m
[32m[Nest] 30569  - [39m04/08/2026, 4:03:33 PM [32m    LOG[39m [38;5;3m[InstanceLoader] [39m[32mPrismaModule dependencies initialized[39m[38;5;3m +0ms[39m
[32m[Nest] 30569  - [39m04/08/2026, 4:03:33 PM [32m    LOG[39m [38;5;3m[InstanceLoader] [39m[32mPassportModule dependencies initialized[39m[38;5;3m +0ms[39m
[32m[Nest] 30569  - [39m04/08/2026, 4:03:33 PM [32m    LOG[39m [38;5;3m[InstanceLoader] [39m[32mWebsocketModule dependencies initialized[39m[38;5;3m +0ms[39m
[32m[Nest] 30569  - [39m04/08/2026, 4:03:33 PM [32m    LOG[39m [38;5;3m[InstanceLoader] [39m[32mConfigHostModule dependencies initialized[39m[38;5;3m +1ms[39m
[32m[Nest] 30569  - [39m04/08/2026, 4:03:33 PM [32m    LOG[39m [38;5;3m[InstanceLoader] [39m[32mJwtModule dependencies initialized[39m[38;5;3m +0ms[39m
[32m[Nest] 30569  - [39m04/08/2026, 4:03:33 PM [32m    LOG[39m [38;5;3m[InstanceLoader] [39m[32mConfigModule dependencies initialized[39m[38;5;3m +1ms[39m
[32m[Nest] 30569  - [39m04/08/2026, 4:03:33 PM [32m    LOG[39m [38;5;3m[InstanceLoader] [39m[32mUsersModule dependencies initialized[39m[38;5;3m +0ms[39m
[32m[Nest] 30569  - [39m04/08/2026, 4:03:33 PM [32m    LOG[39m [38;5;3m[InstanceLoader] [39m[32mResourcesModule dependencies initialized[39m[38;5;3m +0ms[39m
[32m[Nest] 30569  - [39m04/08/2026, 4:03:33 PM [32m    LOG[39m [38;5;3m[InstanceLoader] [39m[32mNotificationsModule dependencies initialized[39m[38;5;3m +0ms[39m
[32m[Nest] 30569  - [39m04/08/2026, 4:03:33 PM [32m    LOG[39m [38;5;3m[InstanceLoader] [39m[32mActivitiesModule dependencies initialized[39m[38;5;3m +1ms[39m
[32m[Nest] 30569  - [39m04/08/2026, 4:03:33 PM [32m    LOG[39m [38;5;3m[InstanceLoader] [39m[32mAdminModule dependencies initialized[39m[38;5;3m +0ms[39m
[32m[Nest] 30569  - [39m04/08/2026, 4:03:33 PM [32m    LOG[39m [38;5;3m[InstanceLoader] [39m[32mPricingModule dependencies initialized[39m[38;5;3m +0ms[39m
[32m[Nest] 30569  - [39m04/08/2026, 4:03:33 PM [32m    LOG[39m [38;5;3m[InstanceLoader] [39m[32mStaffModule dependencies initialized[39m[38;5;3m +0ms[39m
[32m[Nest] 30569  - [39m04/08/2026, 4:03:33 PM [32m    LOG[39m [38;5;3m[InstanceLoader] [39m[32mBookingsModule dependencies initialized[39m[38;5;3m +0ms[39m
[32m[Nest] 30569  - [39m04/08/2026, 4:03:33 PM [32m    LOG[39m [38;5;3m[InstanceLoader] [39m[32mAuthModule dependencies initialized[39m[38;5;3m +0ms[39m
[32m[Nest] 30569  - [39m04/08/2026, 4:03:33 PM [32m    LOG[39m [38;5;3m[WebSocketsController] [39m[32mWebsocketGateway subscribed to the "join-room" message[39m[38;5;3m +58ms[39m
[32m[Nest] 30569  - [39m04/08/2026, 4:03:33 PM [32m    LOG[39m [38;5;3m[WebSocketsController] [39m[32mWebsocketGateway subscribed to the "leave-room" message[39m[38;5;3m +0ms[39m
[32m[Nest] 30569  - [39m04/08/2026, 4:03:33 PM [32m    LOG[39m [38;5;3m[WebSocketsController] [39m[32mWebsocketGateway subscribed to the "booking-update" message[39m[38;5;3m +0ms[39m
[32m[Nest] 30569  - [39m04/08/2026, 4:03:33 PM [32m    LOG[39m [38;5;3m[WebSocketsController] [39m[32mWebsocketGateway subscribed to the "activity-update" message[39m[38;5;3m +0ms[39m
[32m[Nest] 30569  - [39m04/08/2026, 4:03:33 PM [32m    LOG[39m [38;5;3m[WebSocketsController] [39m[32mWebsocketGateway subscribed to the "notification" message[39m[38;5;3m +0ms[39m
[32m[Nest] 30569  - [39m04/08/2026, 4:03:33 PM [32m    LOG[39m [38;5;3m[RoutesResolver] [39m[32mAuthController {/auth}:[39m[38;5;3m +1ms[39m
[32m[Nest] 30569  - [39m04/08/2026, 4:03:33 PM [32m    LOG[39m [38;5;3m[RouterExplorer] [39m[32mMapped {/auth/register, POST} route[39m[38;5;3m +2ms[39m
[32m[Nest] 30569  - [39m04/08/2026, 4:03:33 PM [32m    LOG[39m [38;5;3m[RouterExplorer] [39m[32mMapped {/auth/login, POST} route[39m[38;5;3m +1ms[39m
[32m[Nest] 30569  - [39m04/08/2026, 4:03:33 PM [32m    LOG[39m [38;5;3m[RouterExplorer] [39m[32mMapped {/auth/profile, GET} route[39m[38;5;3m +0ms[39m
[32m[Nest] 30569  - [39m04/08/2026, 4:03:33 PM [32m    LOG[39m [38;5;3m[RouterExplorer] [39m[32mMapped {/auth/profile, PUT} route[39m[38;5;3m +0ms[39m
[32m[Nest] 30569  - [39m04/08/2026, 4:03:33 PM [32m    LOG[39m [38;5;3m[RouterExplorer] [39m[32mMapped {/auth/refresh, POST} route[39m[38;5;3m +1ms[39m
[32m[Nest] 30569  - [39m04/08/2026, 4:03:33 PM [32m    LOG[39m [38;5;3m[RoutesResolver] [39m[32mUsersController {/users}:[39m[38;5;3m +0ms[39m
[32m[Nest] 30569  - [39m04/08/2026, 4:03:33 PM [32m    LOG[39m [38;5;3m[RouterExplorer] [39m[32mMapped {/users, GET} route[39m[38;5;3m +0ms[39m
[32m[Nest] 30569  - [39m04/08/2026, 4:03:33 PM [32m    LOG[39m [38;5;3m[RouterExplorer] [39m[32mMapped {/users/:id, GET} route[39m[38;5;3m +1ms[39m
[32m[Nest] 30569  - [39m04/08/2026, 4:03:33 PM [32m    LOG[39m [38;5;3m[RouterExplorer] [39m[32mMapped {/users, POST} route[39m[38;5;3m +0ms[39m
[32m[Nest] 30569  - [39m04/08/2026, 4:03:33 PM [32m    LOG[39m [38;5;3m[RouterExplorer] [39m[32mMapped {/users/:id, PUT} route[39m[38;5;3m +1ms[39m
[32m[Nest] 30569  - [39m04/08/2026, 4:03:33 PM [32m    LOG[39m [38;5;3m[RouterExplorer] [39m[32mMapped {/users/:id, DELETE} route[39m[38;5;3m +0ms[39m
[32m[Nest] 30569  - [39m04/08/2026, 4:03:33 PM [32m    LOG[39m [38;5;3m[RoutesResolver] [39m[32mActivitiesController {/activities}:[39m[38;5;3m +0ms[39m
[32m[Nest] 30569  - [39m04/08/2026, 4:03:33 PM [32m    LOG[39m [38;5;3m[RouterExplorer] [39m[32mMapped {/activities, GET} route[39m[38;5;3m +1ms[39m
[32m[Nest] 30569  - [39m04/08/2026, 4:03:33 PM [32m    LOG[39m [38;5;3m[RouterExplorer] [39m[32mMapped {/activities/:id, GET} route[39m[38;5;3m +0ms[39m
[32m[Nest] 30569  - [39m04/08/2026, 4:03:33 PM [32m    LOG[39m [38;5;3m[RoutesResolver] [39m[32mResourcesController {/resources}:[39m[38;5;3m +0ms[39m
[32m[Nest] 30569  - [39m04/08/2026, 4:03:33 PM [32m    LOG[39m [38;5;3m[RouterExplorer] [39m[32mMapped {/resources, POST} route[39m[38;5;3m +0ms[39m
[32m[Nest] 30569  - [39m04/08/2026, 4:03:33 PM [32m    LOG[39m [38;5;3m[RouterExplorer] [39m[32mMapped {/resources, GET} route[39m[38;5;3m +0ms[39m
[32m[Nest] 30569  - [39m04/08/2026, 4:03:33 PM [32m    LOG[39m [38;5;3m[RouterExplorer] [39m[32mMapped {/resources/:id, GET} route[39m[38;5;3m +0ms[39m
[32m[Nest] 30569  - [39m04/08/2026, 4:03:33 PM [32m    LOG[39m [38;5;3m[RouterExplorer] [39m[32mMapped {/resources/:id, PUT} route[39m[38;5;3m +1ms[39m
[32m[Nest] 30569  - [39m04/08/2026, 4:03:33 PM [32m    LOG[39m [38;5;3m[RouterExplorer] [39m[32mMapped {/resources/:id, DELETE} route[39m[38;5;3m +0ms[39m
[32m[Nest] 30569  - [39m04/08/2026, 4:03:33 PM [32m    LOG[39m [38;5;3m[RoutesResolver] [39m[32mBookingsController {/bookings}:[39m[38;5;3m +0ms[39m
[32m[Nest] 30569  - [39m04/08/2026, 4:03:33 PM [32m    LOG[39m [38;5;3m[RouterExplorer] [39m[32mMapped {/bookings, POST} route[39m[38;5;3m +0ms[39m
[32m[Nest] 30569  - [39m04/08/2026, 4:03:33 PM [32m    LOG[39m [38;5;3m[RouterExplorer] [39m[32mMapped {/bookings, GET} route[39m[38;5;3m +1ms[39m
[32m[Nest] 30569  - [39m04/08/2026, 4:03:33 PM [32m    LOG[39m [38;5;3m[RouterExplorer] [39m[32mMapped {/bookings/:id, GET} route[39m[38;5;3m +0ms[39m
[32m[Nest] 30569  - [39m04/08/2026, 4:03:33 PM [32m    LOG[39m [38;5;3m[RouterExplorer] [39m[32mMapped {/bookings/:id, PUT} route[39m[38;5;3m +0ms[39m
[32m[Nest] 30569  - [39m04/08/2026, 4:03:33 PM [32m    LOG[39m [38;5;3m[RouterExplorer] [39m[32mMapped {/bookings/:id, DELETE} route[39m[38;5;3m +1ms[39m
[32m[Nest] 30569  - [39m04/08/2026, 4:03:33 PM [32m    LOG[39m [38;5;3m[RoutesResolver] [39m[32mPricingController {/pricing}:[39m[38;5;3m +0ms[39m
[32m[Nest] 30569  - [39m04/08/2026, 4:03:33 PM [32m    LOG[39m [38;5;3m[RouterExplorer] [39m[32mMapped {/pricing, POST} route[39m[38;5;3m +0ms[39m
[32m[Nest] 30569  - [39m04/08/2026, 4:03:33 PM [32m    LOG[39m [38;5;3m[RouterExplorer] [39m[32mMapped {/pricing, GET} route[39m[38;5;3m +0ms[39m
[32m[Nest] 30569  - [39m04/08/2026, 4:03:33 PM [32m    LOG[39m [38;5;3m[RouterExplorer] [39m[32mMapped {/pricing/calculate/:resourceId, GET} route[39m[38;5;3m +1ms[39m
[32m[Nest] 30569  - [39m04/08/2026, 4:03:33 PM [32m    LOG[39m [38;5;3m[RouterExplorer] [39m[32mMapped {/pricing/:id, GET} route[39m[38;5;3m +0ms[39m
[32m[Nest] 30569  - [39m04/08/2026, 4:03:33 PM [32m    LOG[39m [38;5;3m[RouterExplorer] [39m[32mMapped {/pricing/:id, PUT} route[39m[38;5;3m +0ms[39m
[32m[Nest] 30569  - [39m04/08/2026, 4:03:33 PM [32m    LOG[39m [38;5;3m[RouterExplorer] [39m[32mMapped {/pricing/:id, DELETE} route[39m[38;5;3m +1ms[39m
[32m[Nest] 30569  - [39m04/08/2026, 4:03:33 PM [32m    LOG[39m [38;5;3m[RoutesResolver] [39m[32mNotificationsController {/notifications}:[39m[38;5;3m +0ms[39m
[32m[Nest] 30569  - [39m04/08/2026, 4:03:33 PM [32m    LOG[39m [38;5;3m[RouterExplorer] [39m[32mMapped {/notifications, POST} route[39m[38;5;3m +0ms[39m
[32m[Nest] 30569  - [39m04/08/2026, 4:03:33 PM [32m    LOG[39m [38;5;3m[RouterExplorer] [39m[32mMapped {/notifications, GET} route[39m[38;5;3m +0ms[39m
[32m[Nest] 30569  - [39m04/08/2026, 4:03:33 PM [32m    LOG[39m [38;5;3m[RouterExplorer] [39m[32mMapped {/notifications/unread-count/:userId, GET} route[39m[38;5;3m +0ms[39m
[32m[Nest] 30569  - [39m04/08/2026, 4:03:33 PM [32m    LOG[39m [38;5;3m[RouterExplorer] [39m[32mMapped {/notifications/:id, GET} route[39m[38;5;3m +0ms[39m
[32m[Nest] 30569  - [39m04/08/2026, 4:03:33 PM [32m    LOG[39m [38;5;3m[RouterExplorer] [39m[32mMapped {/notifications/:id, PUT} route[39m[38;5;3m +0ms[39m
[32m[Nest] 30569  - [39m04/08/2026, 4:03:33 PM [32m    LOG[39m [38;5;3m[RouterExplorer] [39m[32mMapped {/notifications/:id/read, PUT} route[39m[38;5;3m +0ms[39m
[32m[Nest] 30569  - [39m04/08/2026, 4:03:33 PM [32m    LOG[39m [38;5;3m[RouterExplorer] [39m[32mMapped {/notifications/read-all/:userId, PUT} route[39m[38;5;3m +0ms[39m
[32m[Nest] 30569  - [39m04/08/2026, 4:03:33 PM [32m    LOG[39m [38;5;3m[RouterExplorer] [39m[32mMapped {/notifications/:id, DELETE} route[39m[38;5;3m +0ms[39m
[32m[Nest] 30569  - [39m04/08/2026, 4:03:33 PM [32m    LOG[39m [38;5;3m[RoutesResolver] [39m[32mStaffController {/staff}:[39m[38;5;3m +0ms[39m
[32m[Nest] 30569  - [39m04/08/2026, 4:03:33 PM [32m    LOG[39m [38;5;3m[RouterExplorer] [39m[32mMapped {/staff, POST} route[39m[38;5;3m +1ms[39m
[32m[Nest] 30569  - [39m04/08/2026, 4:03:33 PM [32m    LOG[39m [38;5;3m[RouterExplorer] [39m[32mMapped {/staff, GET} route[39m[38;5;3m +0ms[39m
[32m[Nest] 30569  - [39m04/08/2026, 4:03:33 PM [32m    LOG[39m [38;5;3m[RouterExplorer] [39m[32mMapped {/staff/:id, GET} route[39m[38;5;3m +0ms[39m
[32m[Nest] 30569  - [39m04/08/2026, 4:03:33 PM [32m    LOG[39m [38;5;3m[RouterExplorer] [39m[32mMapped {/staff/:id, PATCH} route[39m[38;5;3m +0ms[39m
[32m[Nest] 30569  - [39m04/08/2026, 4:03:33 PM [32m    LOG[39m [38;5;3m[RouterExplorer] [39m[32mMapped {/staff/:id, DELETE} route[39m[38;5;3m +0ms[39m
[32m[Nest] 30569  - [39m04/08/2026, 4:03:33 PM [32m    LOG[39m [38;5;3m[RoutesResolver] [39m[32mAdminBookingsController {/admin/bookings}:[39m[38;5;3m +0ms[39m
[32m[Nest] 30569  - [39m04/08/2026, 4:03:33 PM [32m    LOG[39m [38;5;3m[RouterExplorer] [39m[32mMapped {/admin/bookings, GET} route[39m[38;5;3m +1ms[39m
[32m[Nest] 30569  - [39m04/08/2026, 4:03:33 PM [32m    LOG[39m [38;5;3m[RouterExplorer] [39m[32mMapped {/admin/bookings/pending, GET} route[39m[38;5;3m +0ms[39m
[32m[Nest] 30569  - [39m04/08/2026, 4:03:33 PM [32m    LOG[39m [38;5;3m[RouterExplorer] [39m[32mMapped {/admin/bookings/dashboard, GET} route[39m[38;5;3m +0ms[39m
[32m[Nest] 30569  - [39m04/08/2026, 4:03:33 PM [32m    LOG[39m [38;5;3m[RouterExplorer] [39m[32mMapped {/admin/bookings/:id/approve, POST} route[39m[38;5;3m +0ms[39m
[32m[Nest] 30569  - [39m04/08/2026, 4:03:33 PM [32m    LOG[39m [38;5;3m[RouterExplorer] [39m[32mMapped {/admin/bookings/:id/reject, POST} route[39m[38;5;3m +0ms[39m
[32m[Nest] 30569  - [39m04/08/2026, 4:03:33 PM [32m    LOG[39m [38;5;3m[PrismaService] [39m[32mDatabase connected[39m
[32m[Nest] 30569  - [39m04/08/2026, 4:03:33 PM [32m    LOG[39m [38;5;3m[NestApplication] [39m[32mNest application successfully started[39m[38;5;3m +2ms[39m
[2J[3J[H[[90m4:08:22 PM[0m] File change detected. Starting incremental compilation...

[[90m4:08:22 PM[0m] Found 0 errors. Watching for file changes.

[32m[Nest] 31145  - [39m04/08/2026, 4:08:23 PM [32m    LOG[39m [38;5;3m[NestFactory] [39m[32mStarting Nest application...[39m
[32m[Nest] 31145  - [39m04/08/2026, 4:08:23 PM [32m    LOG[39m [38;5;3m[InstanceLoader] [39m[32mAppModule dependencies initialized[39m[38;5;3m +18ms[39m
[32m[Nest] 31145  - [39m04/08/2026, 4:08:23 PM [32m    LOG[39m [38;5;3m[InstanceLoader] [39m[32mPrismaModule dependencies initialized[39m[38;5;3m +0ms[39m
[32m[Nest] 31145  - [39m04/08/2026, 4:08:23 PM [32m    LOG[39m [38;5;3m[InstanceLoader] [39m[32mPassportModule dependencies initialized[39m[38;5;3m +1ms[39m
[32m[Nest] 31145  - [39m04/08/2026, 4:08:23 PM [32m    LOG[39m [38;5;3m[InstanceLoader] [39m[32mWebsocketModule dependencies initialized[39m[38;5;3m +0ms[39m
[32m[Nest] 31145  - [39m04/08/2026, 4:08:23 PM [32m    LOG[39m [38;5;3m[InstanceLoader] [39m[32mConfigHostModule dependencies initialized[39m[38;5;3m +0ms[39m
[32m[Nest] 31145  - [39m04/08/2026, 4:08:23 PM [32m    LOG[39m [38;5;3m[InstanceLoader] [39m[32mJwtModule dependencies initialized[39m[38;5;3m +0ms[39m
[32m[Nest] 31145  - [39m04/08/2026, 4:08:23 PM [32m    LOG[39m [38;5;3m[InstanceLoader] [39m[32mConfigModule dependencies initialized[39m[38;5;3m +1ms[39m
[32m[Nest] 31145  - [39m04/08/2026, 4:08:23 PM [32m    LOG[39m [38;5;3m[InstanceLoader] [39m[32mUsersModule dependencies initialized[39m[38;5;3m +0ms[39m
[32m[Nest] 31145  - [39m04/08/2026, 4:08:23 PM [32m    LOG[39m [38;5;3m[InstanceLoader] [39m[32mResourcesModule dependencies initialized[39m[38;5;3m +0ms[39m
[32m[Nest] 31145  - [39m04/08/2026, 4:08:23 PM [32m    LOG[39m [38;5;3m[InstanceLoader] [39m[32mNotificationsModule dependencies initialized[39m[38;5;3m +0ms[39m
[32m[Nest] 31145  - [39m04/08/2026, 4:08:23 PM [32m    LOG[39m [38;5;3m[InstanceLoader] [39m[32mActivitiesModule dependencies initialized[39m[38;5;3m +1ms[39m
[32m[Nest] 31145  - [39m04/08/2026, 4:08:23 PM [32m    LOG[39m [38;5;3m[InstanceLoader] [39m[32mAdminModule dependencies initialized[39m[38;5;3m +0ms[39m
[32m[Nest] 31145  - [39m04/08/2026, 4:08:23 PM [32m    LOG[39m [38;5;3m[InstanceLoader] [39m[32mPricingModule dependencies initialized[39m[38;5;3m +0ms[39m
[32m[Nest] 31145  - [39m04/08/2026, 4:08:23 PM [32m    LOG[39m [38;5;3m[InstanceLoader] [39m[32mStaffModule dependencies initialized[39m[38;5;3m +0ms[39m
[32m[Nest] 31145  - [39m04/08/2026, 4:08:23 PM [32m    LOG[39m [38;5;3m[InstanceLoader] [39m[32mBookingsModule dependencies initialized[39m[38;5;3m +0ms[39m
[32m[Nest] 31145  - [39m04/08/2026, 4:08:23 PM [32m    LOG[39m [38;5;3m[InstanceLoader] [39m[32mAuthModule dependencies initialized[39m[38;5;3m +0ms[39m
[32m[Nest] 31145  - [39m04/08/2026, 4:08:23 PM [32m    LOG[39m [38;5;3m[WebSocketsController] [39m[32mWebsocketGateway subscribed to the "join-room" message[39m[38;5;3m +46ms[39m
[32m[Nest] 31145  - [39m04/08/2026, 4:08:23 PM [32m    LOG[39m [38;5;3m[WebSocketsController] [39m[32mWebsocketGateway subscribed to the "leave-room" message[39m[38;5;3m +0ms[39m
[32m[Nest] 31145  - [39m04/08/2026, 4:08:23 PM [32m    LOG[39m [38;5;3m[WebSocketsController] [39m[32mWebsocketGateway subscribed to the "booking-update" message[39m[38;5;3m +0ms[39m
[32m[Nest] 31145  - [39m04/08/2026, 4:08:23 PM [32m    LOG[39m [38;5;3m[WebSocketsController] [39m[32mWebsocketGateway subscribed to the "activity-update" message[39m[38;5;3m +0ms[39m
[32m[Nest] 31145  - [39m04/08/2026, 4:08:23 PM [32m    LOG[39m [38;5;3m[WebSocketsController] [39m[32mWebsocketGateway subscribed to the "notification" message[39m[38;5;3m +0ms[39m
[32m[Nest] 31145  - [39m04/08/2026, 4:08:23 PM [32m    LOG[39m [38;5;3m[RoutesResolver] [39m[32mAuthController {/auth}:[39m[38;5;3m +1ms[39m
[32m[Nest] 31145  - [39m04/08/2026, 4:08:23 PM [32m    LOG[39m [38;5;3m[RouterExplorer] [39m[32mMapped {/auth/register, POST} route[39m[38;5;3m +2ms[39m
[32m[Nest] 31145  - [39m04/08/2026, 4:08:23 PM [32m    LOG[39m [38;5;3m[RouterExplorer] [39m[32mMapped {/auth/login, POST} route[39m[38;5;3m +0ms[39m
[32m[Nest] 31145  - [39m04/08/2026, 4:08:23 PM [32m    LOG[39m [38;5;3m[RouterExplorer] [39m[32mMapped {/auth/profile, GET} route[39m[38;5;3m +0ms[39m
[32m[Nest] 31145  - [39m04/08/2026, 4:08:23 PM [32m    LOG[39m [38;5;3m[RouterExplorer] [39m[32mMapped {/auth/profile, PUT} route[39m[38;5;3m +1ms[39m
[32m[Nest] 31145  - [39m04/08/2026, 4:08:23 PM [32m    LOG[39m [38;5;3m[RouterExplorer] [39m[32mMapped {/auth/refresh, POST} route[39m[38;5;3m +0ms[39m
[32m[Nest] 31145  - [39m04/08/2026, 4:08:23 PM [32m    LOG[39m [38;5;3m[RoutesResolver] [39m[32mUsersController {/users}:[39m[38;5;3m +0ms[39m
[32m[Nest] 31145  - [39m04/08/2026, 4:08:23 PM [32m    LOG[39m [38;5;3m[RouterExplorer] [39m[32mMapped {/users, GET} route[39m[38;5;3m +0ms[39m
[32m[Nest] 31145  - [39m04/08/2026, 4:08:23 PM [32m    LOG[39m [38;5;3m[RouterExplorer] [39m[32mMapped {/users/:id, GET} route[39m[38;5;3m +1ms[39m
[32m[Nest] 31145  - [39m04/08/2026, 4:08:23 PM [32m    LOG[39m [38;5;3m[RouterExplorer] [39m[32mMapped {/users, POST} route[39m[38;5;3m +0ms[39m
[32m[Nest] 31145  - [39m04/08/2026, 4:08:23 PM [32m    LOG[39m [38;5;3m[RouterExplorer] [39m[32mMapped {/users/:id, PUT} route[39m[38;5;3m +0ms[39m
[32m[Nest] 31145  - [39m04/08/2026, 4:08:23 PM [32m    LOG[39m [38;5;3m[RouterExplorer] [39m[32mMapped {/users/:id, DELETE} route[39m[38;5;3m +0ms[39m
[32m[Nest] 31145  - [39m04/08/2026, 4:08:23 PM [32m    LOG[39m [38;5;3m[RoutesResolver] [39m[32mActivitiesController {/activities}:[39m[38;5;3m +0ms[39m
[32m[Nest] 31145  - [39m04/08/2026, 4:08:23 PM [32m    LOG[39m [38;5;3m[RouterExplorer] [39m[32mMapped {/activities, GET} route[39m[38;5;3m +1ms[39m
[32m[Nest] 31145  - [39m04/08/2026, 4:08:23 PM [32m    LOG[39m [38;5;3m[RouterExplorer] [39m[32mMapped {/activities/:id, GET} route[39m[38;5;3m +0ms[39m
[32m[Nest] 31145  - [39m04/08/2026, 4:08:23 PM [32m    LOG[39m [38;5;3m[RoutesResolver] [39m[32mResourcesController {/resources}:[39m[38;5;3m +0ms[39m
[32m[Nest] 31145  - [39m04/08/2026, 4:08:23 PM [32m    LOG[39m [38;5;3m[RouterExplorer] [39m[32mMapped {/resources, POST} route[39m[38;5;3m +0ms[39m
[32m[Nest] 31145  - [39m04/08/2026, 4:08:23 PM [32m    LOG[39m [38;5;3m[RouterExplorer] [39m[32mMapped {/resources, GET} route[39m[38;5;3m +0ms[39m
[32m[Nest] 31145  - [39m04/08/2026, 4:08:23 PM [32m    LOG[39m [38;5;3m[RouterExplorer] [39m[32mMapped {/resources/:id, GET} route[39m[38;5;3m +1ms[39m
[32m[Nest] 31145  - [39m04/08/2026, 4:08:23 PM [32m    LOG[39m [38;5;3m[RouterExplorer] [39m[32mMapped {/resources/:id, PUT} route[39m[38;5;3m +0ms[39m
[32m[Nest] 31145  - [39m04/08/2026, 4:08:23 PM [32m    LOG[39m [38;5;3m[RouterExplorer] [39m[32mMapped {/resources/:id, DELETE} route[39m[38;5;3m +0ms[39m
[32m[Nest] 31145  - [39m04/08/2026, 4:08:23 PM [32m    LOG[39m [38;5;3m[RoutesResolver] [39m[32mBookingsController {/bookings}:[39m[38;5;3m +0ms[39m
[32m[Nest] 31145  - [39m04/08/2026, 4:08:23 PM [32m    LOG[39m [38;5;3m[RouterExplorer] [39m[32mMapped {/bookings, POST} route[39m[38;5;3m +0ms[39m
[32m[Nest] 31145  - [39m04/08/2026, 4:08:23 PM [32m    LOG[39m [38;5;3m[RouterExplorer] [39m[32mMapped {/bookings, GET} route[39m[38;5;3m +0ms[39m
[32m[Nest] 31145  - [39m04/08/2026, 4:08:23 PM [32m    LOG[39m [38;5;3m[RouterExplorer] [39m[32mMapped {/bookings/:id, GET} route[39m[38;5;3m +1ms[39m
[32m[Nest] 31145  - [39m04/08/2026, 4:08:23 PM [32m    LOG[39m [38;5;3m[RouterExplorer] [39m[32mMapped {/bookings/:id, PUT} route[39m[38;5;3m +0ms[39m
[32m[Nest] 31145  - [39m04/08/2026, 4:08:23 PM [32m    LOG[39m [38;5;3m[RouterExplorer] [39m[32mMapped {/bookings/:id, DELETE} route[39m[38;5;3m +0ms[39m
[32m[Nest] 31145  - [39m04/08/2026, 4:08:23 PM [32m    LOG[39m [38;5;3m[RoutesResolver] [39m[32mPricingController {/pricing}:[39m[38;5;3m +0ms[39m
[32m[Nest] 31145  - [39m04/08/2026, 4:08:23 PM [32m    LOG[39m [38;5;3m[RouterExplorer] [39m[32mMapped {/pricing, POST} route[39m[38;5;3m +0ms[39m
[32m[Nest] 31145  - [39m04/08/2026, 4:08:23 PM [32m    LOG[39m [38;5;3m[RouterExplorer] [39m[32mMapped {/pricing, GET} route[39m[38;5;3m +0ms[39m
[32m[Nest] 31145  - [39m04/08/2026, 4:08:23 PM [32m    LOG[39m [38;5;3m[RouterExplorer] [39m[32mMapped {/pricing/calculate/:resourceId, GET} route[39m[38;5;3m +0ms[39m
[32m[Nest] 31145  - [39m04/08/2026, 4:08:23 PM [32m    LOG[39m [38;5;3m[RouterExplorer] [39m[32mMapped {/pricing/:id, GET} route[39m[38;5;3m +0ms[39m
[32m[Nest] 31145  - [39m04/08/2026, 4:08:23 PM [32m    LOG[39m [38;5;3m[RouterExplorer] [39m[32mMapped {/pricing/:id, PUT} route[39m[38;5;3m +1ms[39m
[32m[Nest] 31145  - [39m04/08/2026, 4:08:23 PM [32m    LOG[39m [38;5;3m[RouterExplorer] [39m[32mMapped {/pricing/:id, DELETE} route[39m[38;5;3m +0ms[39m
[32m[Nest] 31145  - [39m04/08/2026, 4:08:23 PM [32m    LOG[39m [38;5;3m[RoutesResolver] [39m[32mNotificationsController {/notifications}:[39m[38;5;3m +0ms[39m
[32m[Nest] 31145  - [39m04/08/2026, 4:08:23 PM [32m    LOG[39m [38;5;3m[RouterExplorer] [39m[32mMapped {/notifications, POST} route[39m[38;5;3m +0ms[39m
[32m[Nest] 31145  - [39m04/08/2026, 4:08:23 PM [32m    LOG[39m [38;5;3m[RouterExplorer] [39m[32mMapped {/notifications, GET} route[39m[38;5;3m +0ms[39m
[32m[Nest] 31145  - [39m04/08/2026, 4:08:23 PM [32m    LOG[39m [38;5;3m[RouterExplorer] [39m[32mMapped {/notifications/unread-count/:userId, GET} route[39m[38;5;3m +0ms[39m
[32m[Nest] 31145  - [39m04/08/2026, 4:08:23 PM [32m    LOG[39m [38;5;3m[RouterExplorer] [39m[32mMapped {/notifications/:id, GET} route[39m[38;5;3m +0ms[39m
[32m[Nest] 31145  - [39m04/08/2026, 4:08:23 PM [32m    LOG[39m [38;5;3m[RouterExplorer] [39m[32mMapped {/notifications/:id, PUT} route[39m[38;5;3m +1ms[39m
[32m[Nest] 31145  - [39m04/08/2026, 4:08:23 PM [32m    LOG[39m [38;5;3m[RouterExplorer] [39m[32mMapped {/notifications/:id/read, PUT} route[39m[38;5;3m +0ms[39m
[32m[Nest] 31145  - [39m04/08/2026, 4:08:23 PM [32m    LOG[39m [38;5;3m[RouterExplorer] [39m[32mMapped {/notifications/read-all/:userId, PUT} route[39m[38;5;3m +0ms[39m
[32m[Nest] 31145  - [39m04/08/2026, 4:08:23 PM [32m    LOG[39m [38;5;3m[RouterExplorer] [39m[32mMapped {/notifications/:id, DELETE} route[39m[38;5;3m +0ms[39m
[32m[Nest] 31145  - [39m04/08/2026, 4:08:23 PM [32m    LOG[39m [38;5;3m[RoutesResolver] [39m[32mStaffController {/staff}:[39m[38;5;3m +0ms[39m
[32m[Nest] 31145  - [39m04/08/2026, 4:08:23 PM [32m    LOG[39m [38;5;3m[RouterExplorer] [39m[32mMapped {/staff, POST} route[39m[38;5;3m +0ms[39m
[32m[Nest] 31145  - [39m04/08/2026, 4:08:23 PM [32m    LOG[39m [38;5;3m[RouterExplorer] [39m[32mMapped {/staff, GET} route[39m[38;5;3m +1ms[39m
[32m[Nest] 31145  - [39m04/08/2026, 4:08:23 PM [32m    LOG[39m [38;5;3m[RouterExplorer] [39m[32mMapped {/staff/:id, GET} route[39m[38;5;3m +0ms[39m
[32m[Nest] 31145  - [39m04/08/2026, 4:08:23 PM [32m    LOG[39m [38;5;3m[RouterExplorer] [39m[32mMapped {/staff/:id, PATCH} route[39m[38;5;3m +0ms[39m
[32m[Nest] 31145  - [39m04/08/2026, 4:08:23 PM [32m    LOG[39m [38;5;3m[RouterExplorer] [39m[32mMapped {/staff/:id, DELETE} route[39m[38;5;3m +0ms[39m
[32m[Nest] 31145  - [39m04/08/2026, 4:08:23 PM [32m    LOG[39m [38;5;3m[RoutesResolver] [39m[32mAdminBookingsController {/admin/bookings}:[39m[38;5;3m +0ms[39m
[32m[Nest] 31145  - [39m04/08/2026, 4:08:23 PM [32m    LOG[39m [38;5;3m[RouterExplorer] [39m[32mMapped {/admin/bookings, GET} route[39m[38;5;3m +0ms[39m
[32m[Nest] 31145  - [39m04/08/2026, 4:08:23 PM [32m    LOG[39m [38;5;3m[RouterExplorer] [39m[32mMapped {/admin/bookings/pending, GET} route[39m[38;5;3m +1ms[39m
[32m[Nest] 31145  - [39m04/08/2026, 4:08:23 PM [32m    LOG[39m [38;5;3m[RouterExplorer] [39m[32mMapped {/admin/bookings/dashboard, GET} route[39m[38;5;3m +0ms[39m
[32m[Nest] 31145  - [39m04/08/2026, 4:08:23 PM [32m    LOG[39m [38;5;3m[RouterExplorer] [39m[32mMapped {/admin/bookings/:id/approve, POST} route[39m[38;5;3m +0ms[39m
[32m[Nest] 31145  - [39m04/08/2026, 4:08:23 PM [32m    LOG[39m [38;5;3m[RouterExplorer] [39m[32mMapped {/admin/bookings/:id/reject, POST} route[39m[38;5;3m +0ms[39m
[32m[Nest] 31145  - [39m04/08/2026, 4:08:23 PM [32m    LOG[39m [38;5;3m[PrismaService] [39m[32mDatabase connected[39m
[32m[Nest] 31145  - [39m04/08/2026, 4:08:23 PM [32m    LOG[39m [38;5;3m[NestApplication] [39m[32mNest application successfully started[39m[38;5;3m +1ms[39m
[2J[3J[H[[90m4:16:56 PM[0m] File change detected. Starting incremental compilation...

[[90m4:16:56 PM[0m] Found 0 errors. Watching for file changes.

[32m[Nest] 32151  - [39m04/08/2026, 4:16:57 PM [32m    LOG[39m [38;5;3m[NestFactory] [39m[32mStarting Nest application...[39m
[32m[Nest] 32151  - [39m04/08/2026, 4:16:57 PM [32m    LOG[39m [38;5;3m[InstanceLoader] [39m[32mAppModule dependencies initialized[39m[38;5;3m +18ms[39m
[32m[Nest] 32151  - [39m04/08/2026, 4:16:57 PM [32m    LOG[39m [38;5;3m[InstanceLoader] [39m[32mPrismaModule dependencies initialized[39m[38;5;3m +0ms[39m
[32m[Nest] 32151  - [39m04/08/2026, 4:16:57 PM [32m    LOG[39m [38;5;3m[InstanceLoader] [39m[32mPassportModule dependencies initialized[39m[38;5;3m +1ms[39m
[32m[Nest] 32151  - [39m04/08/2026, 4:16:57 PM [32m    LOG[39m [38;5;3m[InstanceLoader] [39m[32mWebsocketModule dependencies initialized[39m[38;5;3m +0ms[39m
[32m[Nest] 32151  - [39m04/08/2026, 4:16:57 PM [32m    LOG[39m [38;5;3m[InstanceLoader] [39m[32mConfigHostModule dependencies initialized[39m[38;5;3m +0ms[39m
[32m[Nest] 32151  - [39m04/08/2026, 4:16:57 PM [32m    LOG[39m [38;5;3m[InstanceLoader] [39m[32mJwtModule dependencies initialized[39m[38;5;3m +1ms[39m
[32m[Nest] 32151  - [39m04/08/2026, 4:16:57 PM [32m    LOG[39m [38;5;3m[InstanceLoader] [39m[32mConfigModule dependencies initialized[39m[38;5;3m +0ms[39m
[32m[Nest] 32151  - [39m04/08/2026, 4:16:57 PM [32m    LOG[39m [38;5;3m[InstanceLoader] [39m[32mUsersModule dependencies initialized[39m[38;5;3m +0ms[39m
[32m[Nest] 32151  - [39m04/08/2026, 4:16:57 PM [32m    LOG[39m [38;5;3m[InstanceLoader] [39m[32mResourcesModule dependencies initialized[39m[38;5;3m +1ms[39m
[32m[Nest] 32151  - [39m04/08/2026, 4:16:57 PM [32m    LOG[39m [38;5;3m[InstanceLoader] [39m[32mNotificationsModule dependencies initialized[39m[38;5;3m +0ms[39m
[32m[Nest] 32151  - [39m04/08/2026, 4:16:57 PM [32m    LOG[39m [38;5;3m[InstanceLoader] [39m[32mActivitiesModule dependencies initialized[39m[38;5;3m +0ms[39m
[32m[Nest] 32151  - [39m04/08/2026, 4:16:57 PM [32m    LOG[39m [38;5;3m[InstanceLoader] [39m[32mAdminModule dependencies initialized[39m[38;5;3m +0ms[39m
[32m[Nest] 32151  - [39m04/08/2026, 4:16:57 PM [32m    LOG[39m [38;5;3m[InstanceLoader] [39m[32mPricingModule dependencies initialized[39m[38;5;3m +0ms[39m
[32m[Nest] 32151  - [39m04/08/2026, 4:16:57 PM [32m    LOG[39m [38;5;3m[InstanceLoader] [39m[32mStaffModule dependencies initialized[39m[38;5;3m +0ms[39m
[32m[Nest] 32151  - [39m04/08/2026, 4:16:57 PM [32m    LOG[39m [38;5;3m[InstanceLoader] [39m[32mBookingsModule dependencies initialized[39m[38;5;3m +1ms[39m
[32m[Nest] 32151  - [39m04/08/2026, 4:16:57 PM [32m    LOG[39m [38;5;3m[InstanceLoader] [39m[32mAuthModule dependencies initialized[39m[38;5;3m +0ms[39m
[32m[Nest] 32151  - [39m04/08/2026, 4:16:57 PM [32m    LOG[39m [38;5;3m[WebSocketsController] [39m[32mWebsocketGateway subscribed to the "join-room" message[39m[38;5;3m +48ms[39m
[32m[Nest] 32151  - [39m04/08/2026, 4:16:57 PM [32m    LOG[39m [38;5;3m[WebSocketsController] [39m[32mWebsocketGateway subscribed to the "leave-room" message[39m[38;5;3m +0ms[39m
[32m[Nest] 32151  - [39m04/08/2026, 4:16:57 PM [32m    LOG[39m [38;5;3m[WebSocketsController] [39m[32mWebsocketGateway subscribed to the "booking-update" message[39m[38;5;3m +0ms[39m
[32m[Nest] 32151  - [39m04/08/2026, 4:16:57 PM [32m    LOG[39m [38;5;3m[WebSocketsController] [39m[32mWebsocketGateway subscribed to the "activity-update" message[39m[38;5;3m +0ms[39m
[32m[Nest] 32151  - [39m04/08/2026, 4:16:57 PM [32m    LOG[39m [38;5;3m[WebSocketsController] [39m[32mWebsocketGateway subscribed to the "notification" message[39m[38;5;3m +0ms[39m
[32m[Nest] 32151  - [39m04/08/2026, 4:16:57 PM [32m    LOG[39m [38;5;3m[RoutesResolver] [39m[32mAuthController {/auth}:[39m[38;5;3m +1ms[39m
[32m[Nest] 32151  - [39m04/08/2026, 4:16:57 PM [32m    LOG[39m [38;5;3m[RouterExplorer] [39m[32mMapped {/auth/register, POST} route[39m[38;5;3m +2ms[39m
[32m[Nest] 32151  - [39m04/08/2026, 4:16:57 PM [32m    LOG[39m [38;5;3m[RouterExplorer] [39m[32mMapped {/auth/login, POST} route[39m[38;5;3m +0ms[39m
[32m[Nest] 32151  - [39m04/08/2026, 4:16:57 PM [32m    LOG[39m [38;5;3m[RouterExplorer] [39m[32mMapped {/auth/profile, GET} route[39m[38;5;3m +1ms[39m
[32m[Nest] 32151  - [39m04/08/2026, 4:16:57 PM [32m    LOG[39m [38;5;3m[RouterExplorer] [39m[32mMapped {/auth/profile, PUT} route[39m[38;5;3m +0ms[39m
[32m[Nest] 32151  - [39m04/08/2026, 4:16:57 PM [32m    LOG[39m [38;5;3m[RouterExplorer] [39m[32mMapped {/auth/refresh, POST} route[39m[38;5;3m +1ms[39m
[32m[Nest] 32151  - [39m04/08/2026, 4:16:57 PM [32m    LOG[39m [38;5;3m[RoutesResolver] [39m[32mUsersController {/users}:[39m[38;5;3m +0ms[39m
[32m[Nest] 32151  - [39m04/08/2026, 4:16:57 PM [32m    LOG[39m [38;5;3m[RouterExplorer] [39m[32mMapped {/users, GET} route[39m[38;5;3m +0ms[39m
[32m[Nest] 32151  - [39m04/08/2026, 4:16:57 PM [32m    LOG[39m [38;5;3m[RouterExplorer] [39m[32mMapped {/users/:id, GET} route[39m[38;5;3m +1ms[39m
[32m[Nest] 32151  - [39m04/08/2026, 4:16:57 PM [32m    LOG[39m [38;5;3m[RouterExplorer] [39m[32mMapped {/users, POST} route[39m[38;5;3m +0ms[39m
[32m[Nest] 32151  - [39m04/08/2026, 4:16:57 PM [32m    LOG[39m [38;5;3m[RouterExplorer] [39m[32mMapped {/users/:id, PUT} route[39m[38;5;3m +0ms[39m
[32m[Nest] 32151  - [39m04/08/2026, 4:16:57 PM [32m    LOG[39m [38;5;3m[RouterExplorer] [39m[32mMapped {/users/:id, DELETE} route[39m[38;5;3m +1ms[39m
[32m[Nest] 32151  - [39m04/08/2026, 4:16:57 PM [32m    LOG[39m [38;5;3m[RoutesResolver] [39m[32mActivitiesController {/activities}:[39m[38;5;3m +0ms[39m
[32m[Nest] 32151  - [39m04/08/2026, 4:16:57 PM [32m    LOG[39m [38;5;3m[RouterExplorer] [39m[32mMapped {/activities, GET} route[39m[38;5;3m +0ms[39m
[32m[Nest] 32151  - [39m04/08/2026, 4:16:57 PM [32m    LOG[39m [38;5;3m[RouterExplorer] [39m[32mMapped {/activities/:id, GET} route[39m[38;5;3m +1ms[39m
[32m[Nest] 32151  - [39m04/08/2026, 4:16:57 PM [32m    LOG[39m [38;5;3m[RoutesResolver] [39m[32mResourcesController {/resources}:[39m[38;5;3m +0ms[39m
[32m[Nest] 32151  - [39m04/08/2026, 4:16:57 PM [32m    LOG[39m [38;5;3m[RouterExplorer] [39m[32mMapped {/resources, POST} route[39m[38;5;3m +0ms[39m
[32m[Nest] 32151  - [39m04/08/2026, 4:16:57 PM [32m    LOG[39m [38;5;3m[RouterExplorer] [39m[32mMapped {/resources, GET} route[39m[38;5;3m +1ms[39m
[32m[Nest] 32151  - [39m04/08/2026, 4:16:57 PM [32m    LOG[39m [38;5;3m[RouterExplorer] [39m[32mMapped {/resources/:id, GET} route[39m[38;5;3m +0ms[39m
[32m[Nest] 32151  - [39m04/08/2026, 4:16:57 PM [32m    LOG[39m [38;5;3m[RouterExplorer] [39m[32mMapped {/resources/:id, PUT} route[39m[38;5;3m +0ms[39m
[32m[Nest] 32151  - [39m04/08/2026, 4:16:57 PM [32m    LOG[39m [38;5;3m[RouterExplorer] [39m[32mMapped {/resources/:id, DELETE} route[39m[38;5;3m +0ms[39m
[32m[Nest] 32151  - [39m04/08/2026, 4:16:57 PM [32m    LOG[39m [38;5;3m[RoutesResolver] [39m[32mBookingsController {/bookings}:[39m[38;5;3m +1ms[39m
[32m[Nest] 32151  - [39m04/08/2026, 4:16:57 PM [32m    LOG[39m [38;5;3m[RouterExplorer] [39m[32mMapped {/bookings, POST} route[39m[38;5;3m +0ms[39m
[32m[Nest] 32151  - [39m04/08/2026, 4:16:57 PM [32m    LOG[39m [38;5;3m[RouterExplorer] [39m[32mMapped {/bookings, GET} route[39m[38;5;3m +0ms[39m
[32m[Nest] 32151  - [39m04/08/2026, 4:16:57 PM [32m    LOG[39m [38;5;3m[RouterExplorer] [39m[32mMapped {/bookings/:id, GET} route[39m[38;5;3m +0ms[39m
[32m[Nest] 32151  - [39m04/08/2026, 4:16:57 PM [32m    LOG[39m [38;5;3m[RouterExplorer] [39m[32mMapped {/bookings/:id, PUT} route[39m[38;5;3m +0ms[39m
[32m[Nest] 32151  - [39m04/08/2026, 4:16:57 PM [32m    LOG[39m [38;5;3m[RouterExplorer] [39m[32mMapped {/bookings/:id, DELETE} route[39m[38;5;3m +1ms[39m
[32m[Nest] 32151  - [39m04/08/2026, 4:16:57 PM [32m    LOG[39m [38;5;3m[RoutesResolver] [39m[32mPricingController {/pricing}:[39m[38;5;3m +0ms[39m
[32m[Nest] 32151  - [39m04/08/2026, 4:16:57 PM [32m    LOG[39m [38;5;3m[RouterExplorer] [39m[32mMapped {/pricing, POST} route[39m[38;5;3m +0ms[39m
[32m[Nest] 32151  - [39m04/08/2026, 4:16:57 PM [32m    LOG[39m [38;5;3m[RouterExplorer] [39m[32mMapped {/pricing, GET} route[39m[38;5;3m +0ms[39m
[32m[Nest] 32151  - [39m04/08/2026, 4:16:57 PM [32m    LOG[39m [38;5;3m[RouterExplorer] [39m[32mMapped {/pricing/calculate/:resourceId, GET} route[39m[38;5;3m +0ms[39m
[32m[Nest] 32151  - [39m04/08/2026, 4:16:57 PM [32m    LOG[39m [38;5;3m[RouterExplorer] [39m[32mMapped {/pricing/:id, GET} route[39m[38;5;3m +1ms[39m
[32m[Nest] 32151  - [39m04/08/2026, 4:16:57 PM [32m    LOG[39m [38;5;3m[RouterExplorer] [39m[32mMapped {/pricing/:id, PUT} route[39m[38;5;3m +0ms[39m
[32m[Nest] 32151  - [39m04/08/2026, 4:16:57 PM [32m    LOG[39m [38;5;3m[RouterExplorer] [39m[32mMapped {/pricing/:id, DELETE} route[39m[38;5;3m +0ms[39m
[32m[Nest] 32151  - [39m04/08/2026, 4:16:57 PM [32m    LOG[39m [38;5;3m[RoutesResolver] [39m[32mNotificationsController {/notifications}:[39m[38;5;3m +0ms[39m
[32m[Nest] 32151  - [39m04/08/2026, 4:16:57 PM [32m    LOG[39m [38;5;3m[RouterExplorer] [39m[32mMapped {/notifications, POST} route[39m[38;5;3m +0ms[39m
[32m[Nest] 32151  - [39m04/08/2026, 4:16:57 PM [32m    LOG[39m [38;5;3m[RouterExplorer] [39m[32mMapped {/notifications, GET} route[39m[38;5;3m +1ms[39m
[32m[Nest] 32151  - [39m04/08/2026, 4:16:57 PM [32m    LOG[39m [38;5;3m[RouterExplorer] [39m[32mMapped {/notifications/unread-count/:userId, GET} route[39m[38;5;3m +0ms[39m
[32m[Nest] 32151  - [39m04/08/2026, 4:16:57 PM [32m    LOG[39m [38;5;3m[RouterExplorer] [39m[32mMapped {/notifications/:id, GET} route[39m[38;5;3m +0ms[39m
[32m[Nest] 32151  - [39m04/08/2026, 4:16:57 PM [32m    LOG[39m [38;5;3m[RouterExplorer] [39m[32mMapped {/notifications/:id, PUT} route[39m[38;5;3m +0ms[39m
[32m[Nest] 32151  - [39m04/08/2026, 4:16:57 PM [32m    LOG[39m [38;5;3m[RouterExplorer] [39m[32mMapped {/notifications/:id/read, PUT} route[39m[38;5;3m +0ms[39m
[32m[Nest] 32151  - [39m04/08/2026, 4:16:57 PM [32m    LOG[39m [38;5;3m[RouterExplorer] [39m[32mMapped {/notifications/read-all/:userId, PUT} route[39m[38;5;3m +0ms[39m
[32m[Nest] 32151  - [39m04/08/2026, 4:16:57 PM [32m    LOG[39m [38;5;3m[RouterExplorer] [39m[32mMapped {/notifications/:id, DELETE} route[39m[38;5;3m +1ms[39m
[32m[Nest] 32151  - [39m04/08/2026, 4:16:57 PM [32m    LOG[39m [38;5;3m[RoutesResolver] [39m[32mStaffController {/staff}:[39m[38;5;3m +0ms[39m
[32m[Nest] 32151  - [39m04/08/2026, 4:16:57 PM [32m    LOG[39m [38;5;3m[RouterExplorer] [39m[32mMapped {/staff, POST} route[39m[38;5;3m +0ms[39m
[32m[Nest] 32151  - [39m04/08/2026, 4:16:57 PM [32m    LOG[39m [38;5;3m[RouterExplorer] [39m[32mMapped {/staff, GET} route[39m[38;5;3m +0ms[39m
[32m[Nest] 32151  - [39m04/08/2026, 4:16:57 PM [32m    LOG[39m [38;5;3m[RouterExplorer] [39m[32mMapped {/staff/:id, GET} route[39m[38;5;3m +0ms[39m
[32m[Nest] 32151  - [39m04/08/2026, 4:16:57 PM [32m    LOG[39m [38;5;3m[RouterExplorer] [39m[32mMapped {/staff/:id, PATCH} route[39m[38;5;3m +0ms[39m
[32m[Nest] 32151  - [39m04/08/2026, 4:16:57 PM [32m    LOG[39m [38;5;3m[RouterExplorer] [39m[32mMapped {/staff/:id, DELETE} route[39m[38;5;3m +0ms[39m
[32m[Nest] 32151  - [39m04/08/2026, 4:16:57 PM [32m    LOG[39m [38;5;3m[RoutesResolver] [39m[32mAdminBookingsController {/admin/bookings}:[39m[38;5;3m +0ms[39m
[32m[Nest] 32151  - [39m04/08/2026, 4:16:57 PM [32m    LOG[39m [38;5;3m[RouterExplorer] [39m[32mMapped {/admin/bookings, GET} route[39m[38;5;3m +1ms[39m
[32m[Nest] 32151  - [39m04/08/2026, 4:16:57 PM [32m    LOG[39m [38;5;3m[RouterExplorer] [39m[32mMapped {/admin/bookings/pending, GET} route[39m[38;5;3m +0ms[39m
[32m[Nest] 32151  - [39m04/08/2026, 4:16:57 PM [32m    LOG[39m [38;5;3m[RouterExplorer] [39m[32mMapped {/admin/bookings/dashboard, GET} route[39m[38;5;3m +0ms[39m
[32m[Nest] 32151  - [39m04/08/2026, 4:16:57 PM [32m    LOG[39m [38;5;3m[RouterExplorer] [39m[32mMapped {/admin/bookings/:id/approve, POST} route[39m[38;5;3m +0ms[39m
[32m[Nest] 32151  - [39m04/08/2026, 4:16:57 PM [32m    LOG[39m [38;5;3m[RouterExplorer] [39m[32mMapped {/admin/bookings/:id/reject, POST} route[39m[38;5;3m +1ms[39m
[32m[Nest] 32151  - [39m04/08/2026, 4:16:57 PM [32m    LOG[39m [38;5;3m[PrismaService] [39m[32mDatabase connected[39m
[32m[Nest] 32151  - [39m04/08/2026, 4:16:57 PM [32m    LOG[39m [38;5;3m[NestApplication] [39m[32mNest application successfully started[39m[38;5;3m +1ms[39m
[2J[3J[H[[90m4:17:26 PM[0m] File change detected. Starting incremental compilation...

[96msrc/bookings/bookings.controller.ts[0m:[93m17[0m:[93m33[0m - [91merror[0m[90m TS2339: [0mProperty 'create' does not exist on type 'BookingsService'.

[7m17[0m     return this.bookingsService.create({ ...dto, userId: req.user.id });
[7m  [0m [91m                                ~~~~~~[0m

[[90m4:17:27 PM[0m] Found 1 error. Watching for file changes.

[2J[3J[H[[90m4:17:32 PM[0m] File change detected. Starting incremental compilation...

[96msrc/bookings/bookings.controller.ts[0m:[93m17[0m:[93m33[0m - [91merror[0m[90m TS2339: [0mProperty 'create' does not exist on type 'BookingsService'.

[7m17[0m     return this.bookingsService.create({ ...dto, userId: req.user.id });
[7m  [0m [91m                                ~~~~~~[0m

[[90m4:17:32 PM[0m] Found 1 error. Watching for file changes.

[2J[3J[H[[90m4:17:38 PM[0m] File change detected. Starting incremental compilation...

[96msrc/bookings/bookings.controller.ts[0m:[93m17[0m:[93m33[0m - [91merror[0m[90m TS2339: [0mProperty 'create' does not exist on type 'BookingsService'.

[7m17[0m     return this.bookingsService.create({ ...dto, userId: req.user.id });
[7m  [0m [91m                                ~~~~~~[0m

[[90m4:17:39 PM[0m] Found 1 error. Watching for file changes.

[2J[3J[H[[90m4:18:12 PM[0m] File change detected. Starting incremental compilation...

[96msrc/bookings/bookings.controller.ts[0m:[93m17[0m:[93m33[0m - [91merror[0m[90m TS2339: [0mProperty 'create' does not exist on type 'BookingsService'.

[7m17[0m     return this.bookingsService.create({ ...dto, userId: req.user.id });
[7m  [0m [91m                                ~~~~~~[0m

[[90m4:18:12 PM[0m] Found 1 error. Watching for file changes.

[2J[3J[H[[90m4:18:17 PM[0m] File change detected. Starting incremental compilation...

[96msrc/bookings/bookings.controller.ts[0m:[93m17[0m:[93m33[0m - [91merror[0m[90m TS2339: [0mProperty 'create' does not exist on type 'BookingsService'.

[7m17[0m     return this.bookingsService.create({ ...dto, userId: req.user.id });
[7m  [0m [91m                                ~~~~~~[0m

[[90m4:18:17 PM[0m] Found 1 error. Watching for file changes.

[2J[3J[H[[90m4:18:26 PM[0m] File change detected. Starting incremental compilation...

[[90m4:18:26 PM[0m] Found 0 errors. Watching for file changes.

[32m[Nest] 32470  - [39m04/08/2026, 4:18:27 PM [32m    LOG[39m [38;5;3m[NestFactory] [39m[32mStarting Nest application...[39m
[32m[Nest] 32470  - [39m04/08/2026, 4:18:27 PM [32m    LOG[39m [38;5;3m[InstanceLoader] [39m[32mAppModule dependencies initialized[39m[38;5;3m +18ms[39m
[32m[Nest] 32470  - [39m04/08/2026, 4:18:27 PM [32m    LOG[39m [38;5;3m[InstanceLoader] [39m[32mPrismaModule dependencies initialized[39m[38;5;3m +0ms[39m
[32m[Nest] 32470  - [39m04/08/2026, 4:18:27 PM [32m    LOG[39m [38;5;3m[InstanceLoader] [39m[32mPassportModule dependencies initialized[39m[38;5;3m +0ms[39m
[32m[Nest] 32470  - [39m04/08/2026, 4:18:27 PM [32m    LOG[39m [38;5;3m[InstanceLoader] [39m[32mWebsocketModule dependencies initialized[39m[38;5;3m +0ms[39m
[32m[Nest] 32470  - [39m04/08/2026, 4:18:27 PM [32m    LOG[39m [38;5;3m[InstanceLoader] [39m[32mConfigHostModule dependencies initialized[39m[38;5;3m +1ms[39m
[32m[Nest] 32470  - [39m04/08/2026, 4:18:27 PM [32m    LOG[39m [38;5;3m[InstanceLoader] [39m[32mJwtModule dependencies initialized[39m[38;5;3m +0ms[39m
[32m[Nest] 32470  - [39m04/08/2026, 4:18:27 PM [32m    LOG[39m [38;5;3m[InstanceLoader] [39m[32mConfigModule dependencies initialized[39m[38;5;3m +1ms[39m
[32m[Nest] 32470  - [39m04/08/2026, 4:18:27 PM [32m    LOG[39m [38;5;3m[InstanceLoader] [39m[32mUsersModule dependencies initialized[39m[38;5;3m +0ms[39m
[32m[Nest] 32470  - [39m04/08/2026, 4:18:27 PM [32m    LOG[39m [38;5;3m[InstanceLoader] [39m[32mResourcesModule dependencies initialized[39m[38;5;3m +0ms[39m
[32m[Nest] 32470  - [39m04/08/2026, 4:18:27 PM [32m    LOG[39m [38;5;3m[InstanceLoader] [39m[32mNotificationsModule dependencies initialized[39m[38;5;3m +0ms[39m
[32m[Nest] 32470  - [39m04/08/2026, 4:18:27 PM [32m    LOG[39m [38;5;3m[InstanceLoader] [39m[32mActivitiesModule dependencies initialized[39m[38;5;3m +1ms[39m
[32m[Nest] 32470  - [39m04/08/2026, 4:18:27 PM [32m    LOG[39m [38;5;3m[InstanceLoader] [39m[32mPricingModule dependencies initialized[39m[38;5;3m +0ms[39m
[32m[Nest] 32470  - [39m04/08/2026, 4:18:27 PM [32m    LOG[39m [38;5;3m[InstanceLoader] [39m[32mStaffModule dependencies initialized[39m[38;5;3m +0ms[39m
[32m[Nest] 32470  - [39m04/08/2026, 4:18:27 PM [32m    LOG[39m [38;5;3m[InstanceLoader] [39m[32mBookingsModule dependencies initialized[39m[38;5;3m +0ms[39m
[32m[Nest] 32470  - [39m04/08/2026, 4:18:27 PM [32m    LOG[39m [38;5;3m[InstanceLoader] [39m[32mAuthModule dependencies initialized[39m[38;5;3m +0ms[39m
[32m[Nest] 32470  - [39m04/08/2026, 4:18:27 PM [32m    LOG[39m [38;5;3m[InstanceLoader] [39m[32mAdminModule dependencies initialized[39m[38;5;3m +0ms[39m
[32m[Nest] 32470  - [39m04/08/2026, 4:18:27 PM [32m    LOG[39m [38;5;3m[WebSocketsController] [39m[32mWebsocketGateway subscribed to the "join-room" message[39m[38;5;3m +46ms[39m
[32m[Nest] 32470  - [39m04/08/2026, 4:18:27 PM [32m    LOG[39m [38;5;3m[WebSocketsController] [39m[32mWebsocketGateway subscribed to the "leave-room" message[39m[38;5;3m +0ms[39m
[32m[Nest] 32470  - [39m04/08/2026, 4:18:27 PM [32m    LOG[39m [38;5;3m[WebSocketsController] [39m[32mWebsocketGateway subscribed to the "booking-update" message[39m[38;5;3m +0ms[39m
[32m[Nest] 32470  - [39m04/08/2026, 4:18:27 PM [32m    LOG[39m [38;5;3m[WebSocketsController] [39m[32mWebsocketGateway subscribed to the "activity-update" message[39m[38;5;3m +0ms[39m
[32m[Nest] 32470  - [39m04/08/2026, 4:18:27 PM [32m    LOG[39m [38;5;3m[WebSocketsController] [39m[32mWebsocketGateway subscribed to the "notification" message[39m[38;5;3m +0ms[39m
[32m[Nest] 32470  - [39m04/08/2026, 4:18:27 PM [32m    LOG[39m [38;5;3m[RoutesResolver] [39m[32mAuthController {/auth}:[39m[38;5;3m +1ms[39m
[32m[Nest] 32470  - [39m04/08/2026, 4:18:27 PM [32m    LOG[39m [38;5;3m[RouterExplorer] [39m[32mMapped {/auth/register, POST} route[39m[38;5;3m +2ms[39m
[32m[Nest] 32470  - [39m04/08/2026, 4:18:27 PM [32m    LOG[39m [38;5;3m[RouterExplorer] [39m[32mMapped {/auth/login, POST} route[39m[38;5;3m +0ms[39m
[32m[Nest] 32470  - [39m04/08/2026, 4:18:27 PM [32m    LOG[39m [38;5;3m[RouterExplorer] [39m[32mMapped {/auth/profile, GET} route[39m[38;5;3m +0ms[39m
[32m[Nest] 32470  - [39m04/08/2026, 4:18:27 PM [32m    LOG[39m [38;5;3m[RouterExplorer] [39m[32mMapped {/auth/profile, PUT} route[39m[38;5;3m +1ms[39m
[32m[Nest] 32470  - [39m04/08/2026, 4:18:27 PM [32m    LOG[39m [38;5;3m[RouterExplorer] [39m[32mMapped {/auth/refresh, POST} route[39m[38;5;3m +0ms[39m
[32m[Nest] 32470  - [39m04/08/2026, 4:18:27 PM [32m    LOG[39m [38;5;3m[RoutesResolver] [39m[32mUsersController {/users}:[39m[38;5;3m +0ms[39m
[32m[Nest] 32470  - [39m04/08/2026, 4:18:27 PM [32m    LOG[39m [38;5;3m[RouterExplorer] [39m[32mMapped {/users, GET} route[39m[38;5;3m +0ms[39m
[32m[Nest] 32470  - [39m04/08/2026, 4:18:27 PM [32m    LOG[39m [38;5;3m[RouterExplorer] [39m[32mMapped {/users/:id, GET} route[39m[38;5;3m +0ms[39m
[32m[Nest] 32470  - [39m04/08/2026, 4:18:27 PM [32m    LOG[39m [38;5;3m[RouterExplorer] [39m[32mMapped {/users, POST} route[39m[38;5;3m +1ms[39m
[32m[Nest] 32470  - [39m04/08/2026, 4:18:27 PM [32m    LOG[39m [38;5;3m[RouterExplorer] [39m[32mMapped {/users/:id, PUT} route[39m[38;5;3m +0ms[39m
[32m[Nest] 32470  - [39m04/08/2026, 4:18:27 PM [32m    LOG[39m [38;5;3m[RouterExplorer] [39m[32mMapped {/users/:id, DELETE} route[39m[38;5;3m +0ms[39m
[32m[Nest] 32470  - [39m04/08/2026, 4:18:27 PM [32m    LOG[39m [38;5;3m[RoutesResolver] [39m[32mActivitiesController {/activities}:[39m[38;5;3m +0ms[39m
[32m[Nest] 32470  - [39m04/08/2026, 4:18:27 PM [32m    LOG[39m [38;5;3m[RouterExplorer] [39m[32mMapped {/activities, GET} route[39m[38;5;3m +1ms[39m
[32m[Nest] 32470  - [39m04/08/2026, 4:18:27 PM [32m    LOG[39m [38;5;3m[RouterExplorer] [39m[32mMapped {/activities/:id, GET} route[39m[38;5;3m +0ms[39m
[32m[Nest] 32470  - [39m04/08/2026, 4:18:27 PM [32m    LOG[39m [38;5;3m[RoutesResolver] [39m[32mResourcesController {/resources}:[39m[38;5;3m +0ms[39m
[32m[Nest] 32470  - [39m04/08/2026, 4:18:27 PM [32m    LOG[39m [38;5;3m[RouterExplorer] [39m[32mMapped {/resources, POST} route[39m[38;5;3m +0ms[39m
[32m[Nest] 32470  - [39m04/08/2026, 4:18:27 PM [32m    LOG[39m [38;5;3m[RouterExplorer] [39m[32mMapped {/resources, GET} route[39m[38;5;3m +0ms[39m
[32m[Nest] 32470  - [39m04/08/2026, 4:18:27 PM [32m    LOG[39m [38;5;3m[RouterExplorer] [39m[32mMapped {/resources/:id, GET} route[39m[38;5;3m +0ms[39m
[32m[Nest] 32470  - [39m04/08/2026, 4:18:27 PM [32m    LOG[39m [38;5;3m[RouterExplorer] [39m[32mMapped {/resources/:id, PUT} route[39m[38;5;3m +1ms[39m
[32m[Nest] 32470  - [39m04/08/2026, 4:18:27 PM [32m    LOG[39m [38;5;3m[RouterExplorer] [39m[32mMapped {/resources/:id, DELETE} route[39m[38;5;3m +0ms[39m
[32m[Nest] 32470  - [39m04/08/2026, 4:18:27 PM [32m    LOG[39m [38;5;3m[RoutesResolver] [39m[32mBookingsController {/bookings}:[39m[38;5;3m +0ms[39m
[32m[Nest] 32470  - [39m04/08/2026, 4:18:27 PM [32m    LOG[39m [38;5;3m[RouterExplorer] [39m[32mMapped {/bookings, POST} route[39m[38;5;3m +0ms[39m
[32m[Nest] 32470  - [39m04/08/2026, 4:18:27 PM [32m    LOG[39m [38;5;3m[RouterExplorer] [39m[32mMapped {/bookings, GET} route[39m[38;5;3m +0ms[39m
[32m[Nest] 32470  - [39m04/08/2026, 4:18:27 PM [32m    LOG[39m [38;5;3m[RouterExplorer] [39m[32mMapped {/bookings/:id, GET} route[39m[38;5;3m +0ms[39m
[32m[Nest] 32470  - [39m04/08/2026, 4:18:27 PM [32m    LOG[39m [38;5;3m[RouterExplorer] [39m[32mMapped {/bookings/:id, PUT} route[39m[38;5;3m +0ms[39m
[32m[Nest] 32470  - [39m04/08/2026, 4:18:27 PM [32m    LOG[39m [38;5;3m[RouterExplorer] [39m[32mMapped {/bookings/:id, DELETE} route[39m[38;5;3m +1ms[39m
[32m[Nest] 32470  - [39m04/08/2026, 4:18:27 PM [32m    LOG[39m [38;5;3m[RoutesResolver] [39m[32mPricingController {/pricing}:[39m[38;5;3m +0ms[39m
[32m[Nest] 32470  - [39m04/08/2026, 4:18:27 PM [32m    LOG[39m [38;5;3m[RouterExplorer] [39m[32mMapped {/pricing, POST} route[39m[38;5;3m +0ms[39m
[32m[Nest] 32470  - [39m04/08/2026, 4:18:27 PM [32m    LOG[39m [38;5;3m[RouterExplorer] [39m[32mMapped {/pricing, GET} route[39m[38;5;3m +0ms[39m
[32m[Nest] 32470  - [39m04/08/2026, 4:18:27 PM [32m    LOG[39m [38;5;3m[RouterExplorer] [39m[32mMapped {/pricing/calculate/:resourceId, GET} route[39m[38;5;3m +0ms[39m
[32m[Nest] 32470  - [39m04/08/2026, 4:18:27 PM [32m    LOG[39m [38;5;3m[RouterExplorer] [39m[32mMapped {/pricing/:id, GET} route[39m[38;5;3m +0ms[39m
[32m[Nest] 32470  - [39m04/08/2026, 4:18:27 PM [32m    LOG[39m [38;5;3m[RouterExplorer] [39m[32mMapped {/pricing/:id, PUT} route[39m[38;5;3m +0ms[39m
[32m[Nest] 32470  - [39m04/08/2026, 4:18:27 PM [32m    LOG[39m [38;5;3m[RouterExplorer] [39m[32mMapped {/pricing/:id, DELETE} route[39m[38;5;3m +0ms[39m
[32m[Nest] 32470  - [39m04/08/2026, 4:18:27 PM [32m    LOG[39m [38;5;3m[RoutesResolver] [39m[32mNotificationsController {/notifications}:[39m[38;5;3m +0ms[39m
[32m[Nest] 32470  - [39m04/08/2026, 4:18:27 PM [32m    LOG[39m [38;5;3m[RouterExplorer] [39m[32mMapped {/notifications, POST} route[39m[38;5;3m +1ms[39m
[32m[Nest] 32470  - [39m04/08/2026, 4:18:27 PM [32m    LOG[39m [38;5;3m[RouterExplorer] [39m[32mMapped {/notifications, GET} route[39m[38;5;3m +0ms[39m
[32m[Nest] 32470  - [39m04/08/2026, 4:18:27 PM [32m    LOG[39m [38;5;3m[RouterExplorer] [39m[32mMapped {/notifications/unread-count/:userId, GET} route[39m[38;5;3m +0ms[39m
[32m[Nest] 32470  - [39m04/08/2026, 4:18:27 PM [32m    LOG[39m [38;5;3m[RouterExplorer] [39m[32mMapped {/notifications/:id, GET} route[39m[38;5;3m +0ms[39m
[32m[Nest] 32470  - [39m04/08/2026, 4:18:27 PM [32m    LOG[39m [38;5;3m[RouterExplorer] [39m[32mMapped {/notifications/:id, PUT} route[39m[38;5;3m +1ms[39m
[32m[Nest] 32470  - [39m04/08/2026, 4:18:27 PM [32m    LOG[39m [38;5;3m[RouterExplorer] [39m[32mMapped {/notifications/:id/read, PUT} route[39m[38;5;3m +0ms[39m
[32m[Nest] 32470  - [39m04/08/2026, 4:18:27 PM [32m    LOG[39m [38;5;3m[RouterExplorer] [39m[32mMapped {/notifications/read-all/:userId, PUT} route[39m[38;5;3m +0ms[39m
[32m[Nest] 32470  - [39m04/08/2026, 4:18:27 PM [32m    LOG[39m [38;5;3m[RouterExplorer] [39m[32mMapped {/notifications/:id, DELETE} route[39m[38;5;3m +0ms[39m
[32m[Nest] 32470  - [39m04/08/2026, 4:18:27 PM [32m    LOG[39m [38;5;3m[RoutesResolver] [39m[32mStaffController {/staff}:[39m[38;5;3m +0ms[39m
[32m[Nest] 32470  - [39m04/08/2026, 4:18:27 PM [32m    LOG[39m [38;5;3m[RouterExplorer] [39m[32mMapped {/staff, POST} route[39m[38;5;3m +0ms[39m
[32m[Nest] 32470  - [39m04/08/2026, 4:18:27 PM [32m    LOG[39m [38;5;3m[RouterExplorer] [39m[32mMapped {/staff, GET} route[39m[38;5;3m +0ms[39m
[32m[Nest] 32470  - [39m04/08/2026, 4:18:27 PM [32m    LOG[39m [38;5;3m[RouterExplorer] [39m[32mMapped {/staff/:id, GET} route[39m[38;5;3m +1ms[39m
[32m[Nest] 32470  - [39m04/08/2026, 4:18:27 PM [32m    LOG[39m [38;5;3m[RouterExplorer] [39m[32mMapped {/staff/:id, PATCH} route[39m[38;5;3m +0ms[39m
[32m[Nest] 32470  - [39m04/08/2026, 4:18:27 PM [32m    LOG[39m [38;5;3m[RouterExplorer] [39m[32mMapped {/staff/:id, DELETE} route[39m[38;5;3m +0ms[39m
[32m[Nest] 32470  - [39m04/08/2026, 4:18:27 PM [32m    LOG[39m [38;5;3m[RoutesResolver] [39m[32mAdminBookingsController {/admin/bookings}:[39m[38;5;3m +0ms[39m
[32m[Nest] 32470  - [39m04/08/2026, 4:18:27 PM [32m    LOG[39m [38;5;3m[RouterExplorer] [39m[32mMapped {/admin/bookings, GET} route[39m[38;5;3m +0ms[39m
[32m[Nest] 32470  - [39m04/08/2026, 4:18:27 PM [32m    LOG[39m [38;5;3m[RouterExplorer] [39m[32mMapped {/admin/bookings/pending, GET} route[39m[38;5;3m +0ms[39m
[32m[Nest] 32470  - [39m04/08/2026, 4:18:27 PM [32m    LOG[39m [38;5;3m[RouterExplorer] [39m[32mMapped {/admin/bookings/dashboard, GET} route[39m[38;5;3m +1ms[39m
[32m[Nest] 32470  - [39m04/08/2026, 4:18:27 PM [32m    LOG[39m [38;5;3m[RouterExplorer] [39m[32mMapped {/admin/bookings/staff, GET} route[39m[38;5;3m +0ms[39m
[32m[Nest] 32470  - [39m04/08/2026, 4:18:27 PM [32m    LOG[39m [38;5;3m[RouterExplorer] [39m[32mMapped {/admin/bookings/:id/approve, POST} route[39m[38;5;3m +0ms[39m
[32m[Nest] 32470  - [39m04/08/2026, 4:18:27 PM [32m    LOG[39m [38;5;3m[RouterExplorer] [39m[32mMapped {/admin/bookings/:id/reject, POST} route[39m[38;5;3m +0ms[39m
[32m[Nest] 32470  - [39m04/08/2026, 4:18:27 PM [32m    LOG[39m [38;5;3m[RouterExplorer] [39m[32mMapped {/admin/bookings/:id/paid, POST} route[39m[38;5;3m +0ms[39m
[32m[Nest] 32470  - [39m04/08/2026, 4:18:27 PM [32m    LOG[39m [38;5;3m[PrismaService] [39m[32mDatabase connected[39m
[32m[Nest] 32470  - [39m04/08/2026, 4:18:27 PM [32m    LOG[39m [38;5;3m[NestApplication] [39m[32mNest application successfully started[39m[38;5;3m +1ms[39m
[2J[3J[H[[90m4:20:56 PM[0m] File change detected. Starting incremental compilation...

[[90m4:20:56 PM[0m] Found 0 errors. Watching for file changes.

[32m[Nest] 32701  - [39m04/08/2026, 4:20:57 PM [32m    LOG[39m [38;5;3m[NestFactory] [39m[32mStarting Nest application...[39m
[32m[Nest] 32701  - [39m04/08/2026, 4:20:57 PM [32m    LOG[39m [38;5;3m[InstanceLoader] [39m[32mAppModule dependencies initialized[39m[38;5;3m +18ms[39m
[32m[Nest] 32701  - [39m04/08/2026, 4:20:57 PM [32m    LOG[39m [38;5;3m[InstanceLoader] [39m[32mPrismaModule dependencies initialized[39m[38;5;3m +0ms[39m
[32m[Nest] 32701  - [39m04/08/2026, 4:20:57 PM [32m    LOG[39m [38;5;3m[InstanceLoader] [39m[32mPassportModule dependencies initialized[39m[38;5;3m +0ms[39m
[32m[Nest] 32701  - [39m04/08/2026, 4:20:57 PM [32m    LOG[39m [38;5;3m[InstanceLoader] [39m[32mWebsocketModule dependencies initialized[39m[38;5;3m +0ms[39m
[32m[Nest] 32701  - [39m04/08/2026, 4:20:57 PM [32m    LOG[39m [38;5;3m[InstanceLoader] [39m[32mConfigHostModule dependencies initialized[39m[38;5;3m +0ms[39m
[32m[Nest] 32701  - [39m04/08/2026, 4:20:57 PM [32m    LOG[39m [38;5;3m[InstanceLoader] [39m[32mJwtModule dependencies initialized[39m[38;5;3m +0ms[39m
[32m[Nest] 32701  - [39m04/08/2026, 4:20:57 PM [32m    LOG[39m [38;5;3m[InstanceLoader] [39m[32mConfigModule dependencies initialized[39m[38;5;3m +1ms[39m
[32m[Nest] 32701  - [39m04/08/2026, 4:20:57 PM [32m    LOG[39m [38;5;3m[InstanceLoader] [39m[32mUsersModule dependencies initialized[39m[38;5;3m +0ms[39m
[32m[Nest] 32701  - [39m04/08/2026, 4:20:57 PM [32m    LOG[39m [38;5;3m[InstanceLoader] [39m[32mResourcesModule dependencies initialized[39m[38;5;3m +0ms[39m
[32m[Nest] 32701  - [39m04/08/2026, 4:20:57 PM [32m    LOG[39m [38;5;3m[InstanceLoader] [39m[32mNotificationsModule dependencies initialized[39m[38;5;3m +0ms[39m
[32m[Nest] 32701  - [39m04/08/2026, 4:20:57 PM [32m    LOG[39m [38;5;3m[InstanceLoader] [39m[32mActivitiesModule dependencies initialized[39m[38;5;3m +1ms[39m
[32m[Nest] 32701  - [39m04/08/2026, 4:20:57 PM [32m    LOG[39m [38;5;3m[InstanceLoader] [39m[32mPricingModule dependencies initialized[39m[38;5;3m +0ms[39m
[32m[Nest] 32701  - [39m04/08/2026, 4:20:57 PM [32m    LOG[39m [38;5;3m[InstanceLoader] [39m[32mStaffModule dependencies initialized[39m[38;5;3m +0ms[39m
[32m[Nest] 32701  - [39m04/08/2026, 4:20:57 PM [32m    LOG[39m [38;5;3m[InstanceLoader] [39m[32mBookingsModule dependencies initialized[39m[38;5;3m +1ms[39m
[32m[Nest] 32701  - [39m04/08/2026, 4:20:57 PM [32m    LOG[39m [38;5;3m[InstanceLoader] [39m[32mAuthModule dependencies initialized[39m[38;5;3m +0ms[39m
[32m[Nest] 32701  - [39m04/08/2026, 4:20:57 PM [32m    LOG[39m [38;5;3m[InstanceLoader] [39m[32mAdminModule dependencies initialized[39m[38;5;3m +0ms[39m
[32m[Nest] 32701  - [39m04/08/2026, 4:20:57 PM [32m    LOG[39m [38;5;3m[WebSocketsController] [39m[32mWebsocketGateway subscribed to the "join-room" message[39m[38;5;3m +50ms[39m
[32m[Nest] 32701  - [39m04/08/2026, 4:20:57 PM [32m    LOG[39m [38;5;3m[WebSocketsController] [39m[32mWebsocketGateway subscribed to the "leave-room" message[39m[38;5;3m +0ms[39m
[32m[Nest] 32701  - [39m04/08/2026, 4:20:57 PM [32m    LOG[39m [38;5;3m[WebSocketsController] [39m[32mWebsocketGateway subscribed to the "booking-update" message[39m[38;5;3m +0ms[39m
[32m[Nest] 32701  - [39m04/08/2026, 4:20:57 PM [32m    LOG[39m [38;5;3m[WebSocketsController] [39m[32mWebsocketGateway subscribed to the "activity-update" message[39m[38;5;3m +0ms[39m
[32m[Nest] 32701  - [39m04/08/2026, 4:20:57 PM [32m    LOG[39m [38;5;3m[WebSocketsController] [39m[32mWebsocketGateway subscribed to the "notification" message[39m[38;5;3m +0ms[39m
[32m[Nest] 32701  - [39m04/08/2026, 4:20:57 PM [32m    LOG[39m [38;5;3m[RoutesResolver] [39m[32mAuthController {/auth}:[39m[38;5;3m +1ms[39m
[32m[Nest] 32701  - [39m04/08/2026, 4:20:57 PM [32m    LOG[39m [38;5;3m[RouterExplorer] [39m[32mMapped {/auth/register, POST} route[39m[38;5;3m +2ms[39m
[32m[Nest] 32701  - [39m04/08/2026, 4:20:57 PM [32m    LOG[39m [38;5;3m[RouterExplorer] [39m[32mMapped {/auth/login, POST} route[39m[38;5;3m +1ms[39m
[32m[Nest] 32701  - [39m04/08/2026, 4:20:57 PM [32m    LOG[39m [38;5;3m[RouterExplorer] [39m[32mMapped {/auth/profile, GET} route[39m[38;5;3m +1ms[39m
[32m[Nest] 32701  - [39m04/08/2026, 4:20:57 PM [32m    LOG[39m [38;5;3m[RouterExplorer] [39m[32mMapped {/auth/profile, PUT} route[39m[38;5;3m +0ms[39m
[32m[Nest] 32701  - [39m04/08/2026, 4:20:57 PM [32m    LOG[39m [38;5;3m[RouterExplorer] [39m[32mMapped {/auth/refresh, POST} route[39m[38;5;3m +0ms[39m
[32m[Nest] 32701  - [39m04/08/2026, 4:20:57 PM [32m    LOG[39m [38;5;3m[RoutesResolver] [39m[32mUsersController {/users}:[39m[38;5;3m +1ms[39m
[32m[Nest] 32701  - [39m04/08/2026, 4:20:57 PM [32m    LOG[39m [38;5;3m[RouterExplorer] [39m[32mMapped {/users, GET} route[39m[38;5;3m +0ms[39m
[32m[Nest] 32701  - [39m04/08/2026, 4:20:57 PM [32m    LOG[39m [38;5;3m[RouterExplorer] [39m[32mMapped {/users/:id, GET} route[39m[38;5;3m +1ms[39m
[32m[Nest] 32701  - [39m04/08/2026, 4:20:57 PM [32m    LOG[39m [38;5;3m[RouterExplorer] [39m[32mMapped {/users, POST} route[39m[38;5;3m +0ms[39m
[32m[Nest] 32701  - [39m04/08/2026, 4:20:57 PM [32m    LOG[39m [38;5;3m[RouterExplorer] [39m[32mMapped {/users/:id, PUT} route[39m[38;5;3m +0ms[39m
[32m[Nest] 32701  - [39m04/08/2026, 4:20:57 PM [32m    LOG[39m [38;5;3m[RouterExplorer] [39m[32mMapped {/users/:id, DELETE} route[39m[38;5;3m +0ms[39m
[32m[Nest] 32701  - [39m04/08/2026, 4:20:57 PM [32m    LOG[39m [38;5;3m[RoutesResolver] [39m[32mActivitiesController {/activities}:[39m[38;5;3m +1ms[39m
[32m[Nest] 32701  - [39m04/08/2026, 4:20:57 PM [32m    LOG[39m [38;5;3m[RouterExplorer] [39m[32mMapped {/activities, GET} route[39m[38;5;3m +0ms[39m
[32m[Nest] 32701  - [39m04/08/2026, 4:20:57 PM [32m    LOG[39m [38;5;3m[RouterExplorer] [39m[32mMapped {/activities/:id, GET} route[39m[38;5;3m +0ms[39m
[32m[Nest] 32701  - [39m04/08/2026, 4:20:57 PM [32m    LOG[39m [38;5;3m[RoutesResolver] [39m[32mResourcesController {/resources}:[39m[38;5;3m +0ms[39m
[32m[Nest] 32701  - [39m04/08/2026, 4:20:57 PM [32m    LOG[39m [38;5;3m[RouterExplorer] [39m[32mMapped {/resources, POST} route[39m[38;5;3m +0ms[39m
[32m[Nest] 32701  - [39m04/08/2026, 4:20:57 PM [32m    LOG[39m [38;5;3m[RouterExplorer] [39m[32mMapped {/resources, GET} route[39m[38;5;3m +1ms[39m
[32m[Nest] 32701  - [39m04/08/2026, 4:20:57 PM [32m    LOG[39m [38;5;3m[RouterExplorer] [39m[32mMapped {/resources/:id, GET} route[39m[38;5;3m +0ms[39m
[32m[Nest] 32701  - [39m04/08/2026, 4:20:57 PM [32m    LOG[39m [38;5;3m[RouterExplorer] [39m[32mMapped {/resources/:id, PUT} route[39m[38;5;3m +0ms[39m
[32m[Nest] 32701  - [39m04/08/2026, 4:20:57 PM [32m    LOG[39m [38;5;3m[RouterExplorer] [39m[32mMapped {/resources/:id, DELETE} route[39m[38;5;3m +0ms[39m
[32m[Nest] 32701  - [39m04/08/2026, 4:20:57 PM [32m    LOG[39m [38;5;3m[RoutesResolver] [39m[32mBookingsController {/bookings}:[39m[38;5;3m +0ms[39m
[32m[Nest] 32701  - [39m04/08/2026, 4:20:57 PM [32m    LOG[39m [38;5;3m[RouterExplorer] [39m[32mMapped {/bookings, POST} route[39m[38;5;3m +0ms[39m
[32m[Nest] 32701  - [39m04/08/2026, 4:20:57 PM [32m    LOG[39m [38;5;3m[RouterExplorer] [39m[32mMapped {/bookings, GET} route[39m[38;5;3m +0ms[39m
[32m[Nest] 32701  - [39m04/08/2026, 4:20:57 PM [32m    LOG[39m [38;5;3m[RouterExplorer] [39m[32mMapped {/bookings/:id, GET} route[39m[38;5;3m +1ms[39m
[32m[Nest] 32701  - [39m04/08/2026, 4:20:57 PM [32m    LOG[39m [38;5;3m[RouterExplorer] [39m[32mMapped {/bookings/:id, PUT} route[39m[38;5;3m +0ms[39m
[32m[Nest] 32701  - [39m04/08/2026, 4:20:57 PM [32m    LOG[39m [38;5;3m[RouterExplorer] [39m[32mMapped {/bookings/:id, DELETE} route[39m[38;5;3m +0ms[39m
[32m[Nest] 32701  - [39m04/08/2026, 4:20:57 PM [32m    LOG[39m [38;5;3m[RoutesResolver] [39m[32mPricingController {/pricing}:[39m[38;5;3m +0ms[39m
[32m[Nest] 32701  - [39m04/08/2026, 4:20:57 PM [32m    LOG[39m [38;5;3m[RouterExplorer] [39m[32mMapped {/pricing, POST} route[39m[38;5;3m +0ms[39m
[32m[Nest] 32701  - [39m04/08/2026, 4:20:57 PM [32m    LOG[39m [38;5;3m[RouterExplorer] [39m[32mMapped {/pricing, GET} route[39m[38;5;3m +0ms[39m
[32m[Nest] 32701  - [39m04/08/2026, 4:20:57 PM [32m    LOG[39m [38;5;3m[RouterExplorer] [39m[32mMapped {/pricing/calculate/:resourceId, GET} route[39m[38;5;3m +0ms[39m
[32m[Nest] 32701  - [39m04/08/2026, 4:20:57 PM [32m    LOG[39m [38;5;3m[RouterExplorer] [39m[32mMapped {/pricing/:id, GET} route[39m[38;5;3m +1ms[39m
[32m[Nest] 32701  - [39m04/08/2026, 4:20:57 PM [32m    LOG[39m [38;5;3m[RouterExplorer] [39m[32mMapped {/pricing/:id, PUT} route[39m[38;5;3m +0ms[39m
[32m[Nest] 32701  - [39m04/08/2026, 4:20:57 PM [32m    LOG[39m [38;5;3m[RouterExplorer] [39m[32mMapped {/pricing/:id, DELETE} route[39m[38;5;3m +0ms[39m
[32m[Nest] 32701  - [39m04/08/2026, 4:20:57 PM [32m    LOG[39m [38;5;3m[RoutesResolver] [39m[32mNotificationsController {/notifications}:[39m[38;5;3m +0ms[39m
[32m[Nest] 32701  - [39m04/08/2026, 4:20:57 PM [32m    LOG[39m [38;5;3m[RouterExplorer] [39m[32mMapped {/notifications, POST} route[39m[38;5;3m +0ms[39m
[32m[Nest] 32701  - [39m04/08/2026, 4:20:57 PM [32m    LOG[39m [38;5;3m[RouterExplorer] [39m[32mMapped {/notifications, GET} route[39m[38;5;3m +0ms[39m
[32m[Nest] 32701  - [39m04/08/2026, 4:20:57 PM [32m    LOG[39m [38;5;3m[RouterExplorer] [39m[32mMapped {/notifications/unread-count/:userId, GET} route[39m[38;5;3m +0ms[39m
[32m[Nest] 32701  - [39m04/08/2026, 4:20:57 PM [32m    LOG[39m [38;5;3m[RouterExplorer] [39m[32mMapped {/notifications/:id, GET} route[39m[38;5;3m +1ms[39m
[32m[Nest] 32701  - [39m04/08/2026, 4:20:57 PM [32m    LOG[39m [38;5;3m[RouterExplorer] [39m[32mMapped {/notifications/:id, PUT} route[39m[38;5;3m +0ms[39m
[32m[Nest] 32701  - [39m04/08/2026, 4:20:57 PM [32m    LOG[39m [38;5;3m[RouterExplorer] [39m[32mMapped {/notifications/:id/read, PUT} route[39m[38;5;3m +0ms[39m
[32m[Nest] 32701  - [39m04/08/2026, 4:20:57 PM [32m    LOG[39m [38;5;3m[RouterExplorer] [39m[32mMapped {/notifications/read-all/:userId, PUT} route[39m[38;5;3m +0ms[39m
[32m[Nest] 32701  - [39m04/08/2026, 4:20:57 PM [32m    LOG[39m [38;5;3m[RouterExplorer] [39m[32mMapped {/notifications/:id, DELETE} route[39m[38;5;3m +0ms[39m
[32m[Nest] 32701  - [39m04/08/2026, 4:20:57 PM [32m    LOG[39m [38;5;3m[RoutesResolver] [39m[32mStaffController {/staff}:[39m[38;5;3m +0ms[39m
[32m[Nest] 32701  - [39m04/08/2026, 4:20:57 PM [32m    LOG[39m [38;5;3m[RouterExplorer] [39m[32mMapped {/staff, POST} route[39m[38;5;3m +0ms[39m
[32m[Nest] 32701  - [39m04/08/2026, 4:20:57 PM [32m    LOG[39m [38;5;3m[RouterExplorer] [39m[32mMapped {/staff, GET} route[39m[38;5;3m +1ms[39m
[32m[Nest] 32701  - [39m04/08/2026, 4:20:57 PM [32m    LOG[39m [38;5;3m[RouterExplorer] [39m[32mMapped {/staff/:id, GET} route[39m[38;5;3m +0ms[39m
[32m[Nest] 32701  - [39m04/08/2026, 4:20:57 PM [32m    LOG[39m [38;5;3m[RouterExplorer] [39m[32mMapped {/staff/:id, PATCH} route[39m[38;5;3m +0ms[39m
[32m[Nest] 32701  - [39m04/08/2026, 4:20:57 PM [32m    LOG[39m [38;5;3m[RouterExplorer] [39m[32mMapped {/staff/:id, DELETE} route[39m[38;5;3m +0ms[39m
[32m[Nest] 32701  - [39m04/08/2026, 4:20:57 PM [32m    LOG[39m [38;5;3m[RoutesResolver] [39m[32mAdminBookingsController {/admin/bookings}:[39m[38;5;3m +0ms[39m
[32m[Nest] 32701  - [39m04/08/2026, 4:20:57 PM [32m    LOG[39m [38;5;3m[RouterExplorer] [39m[32mMapped {/admin/bookings, GET} route[39m[38;5;3m +0ms[39m
[32m[Nest] 32701  - [39m04/08/2026, 4:20:57 PM [32m    LOG[39m [38;5;3m[RouterExplorer] [39m[32mMapped {/admin/bookings/pending, GET} route[39m[38;5;3m +0ms[39m
[32m[Nest] 32701  - [39m04/08/2026, 4:20:57 PM [32m    LOG[39m [38;5;3m[RouterExplorer] [39m[32mMapped {/admin/bookings/dashboard, GET} route[39m[38;5;3m +1ms[39m
[32m[Nest] 32701  - [39m04/08/2026, 4:20:57 PM [32m    LOG[39m [38;5;3m[RouterExplorer] [39m[32mMapped {/admin/bookings/staff, GET} route[39m[38;5;3m +0ms[39m
[32m[Nest] 32701  - [39m04/08/2026, 4:20:57 PM [32m    LOG[39m [38;5;3m[RouterExplorer] [39m[32mMapped {/admin/bookings/:id/approve, POST} route[39m[38;5;3m +0ms[39m
[32m[Nest] 32701  - [39m04/08/2026, 4:20:57 PM [32m    LOG[39m [38;5;3m[RouterExplorer] [39m[32mMapped {/admin/bookings/:id/reject, POST} route[39m[38;5;3m +0ms[39m
[32m[Nest] 32701  - [39m04/08/2026, 4:20:57 PM [32m    LOG[39m [38;5;3m[RouterExplorer] [39m[32mMapped {/admin/bookings/:id/paid, POST} route[39m[38;5;3m +0ms[39m
[32m[Nest] 32701  - [39m04/08/2026, 4:20:57 PM [32m    LOG[39m [38;5;3m[PrismaService] [39m[32mDatabase connected[39m
[32m[Nest] 32701  - [39m04/08/2026, 4:20:57 PM [32m    LOG[39m [38;5;3m[NestApplication] [39m[32mNest application successfully started[39m[38;5;3m +2ms[39m
[2J[3J[H[[90m4:21:05 PM[0m] File change detected. Starting incremental compilation...

[96msrc/notifications/ntfy.service.ts[0m:[93m32[0m:[93m49[0m - [91merror[0m[90m TS2339: [0mProperty 'message' does not exist on type 'unknown'.

[7m32[0m       this.logger.warn(`ntfy push failed: ${err.message}`);
[7m  [0m [91m                                                ~~~~~~~[0m

[[90m4:21:06 PM[0m] Found 1 error. Watching for file changes.

[2J[3J[H[[90m4:21:21 PM[0m] File change detected. Starting incremental compilation...

[96msrc/notifications/notifications.controller.ts[0m:[93m11[0m:[93m38[0m - [91merror[0m[90m TS2339: [0mProperty 'create' does not exist on type 'NotificationsService'.

[7m11[0m     return this.notificationsService.create(createNotificationDto);
[7m  [0m [91m                                     ~~~~~~[0m

[96msrc/notifications/notifications.controller.ts[0m:[93m22[0m:[93m38[0m - [91merror[0m[90m TS2339: [0mProperty 'findAll' does not exist on type 'NotificationsService'.

[7m22[0m     return this.notificationsService.findAll();
[7m  [0m [91m                                     ~~~~~~~[0m

[96msrc/notifications/notifications.controller.ts[0m:[93m32[0m:[93m38[0m - [91merror[0m[90m TS2339: [0mProperty 'findOne' does not exist on type 'NotificationsService'.

[7m32[0m     return this.notificationsService.findOne(id);
[7m  [0m [91m                                     ~~~~~~~[0m

[96msrc/notifications/notifications.controller.ts[0m:[93m37[0m:[93m38[0m - [91merror[0m[90m TS2339: [0mProperty 'update' does not exist on type 'NotificationsService'.

[7m37[0m     return this.notificationsService.update(id, updateNotificationDto);
[7m  [0m [91m                                     ~~~~~~[0m

[96msrc/notifications/notifications.controller.ts[0m:[93m47[0m:[93m38[0m - [91merror[0m[90m TS2339: [0mProperty 'markAllAsReadForUser' does not exist on type 'NotificationsService'.

[7m47[0m     return this.notificationsService.markAllAsReadForUser(userId);
[7m  [0m [91m                                     ~~~~~~~~~~~~~~~~~~~~[0m

[96msrc/notifications/notifications.controller.ts[0m:[93m52[0m:[93m38[0m - [91merror[0m[90m TS2339: [0mProperty 'remove' does not exist on type 'NotificationsService'.

[7m52[0m     return this.notificationsService.remove(id);
[7m  [0m [91m                                     ~~~~~~[0m

[96msrc/notifications/ntfy.service.ts[0m:[93m32[0m:[93m49[0m - [91merror[0m[90m TS2339: [0mProperty 'message' does not exist on type 'unknown'.

[7m32[0m       this.logger.warn(`ntfy push failed: ${err.message}`);
[7m  [0m [91m                                                ~~~~~~~[0m

[[90m4:21:22 PM[0m] Found 7 errors. Watching for file changes.

[2J[3J[H[[90m4:21:27 PM[0m] File change detected. Starting incremental compilation...

[96msrc/notifications/notifications.controller.ts[0m:[93m11[0m:[93m38[0m - [91merror[0m[90m TS2339: [0mProperty 'create' does not exist on type 'NotificationsService'.

[7m11[0m     return this.notificationsService.create(createNotificationDto);
[7m  [0m [91m                                     ~~~~~~[0m

[96msrc/notifications/notifications.controller.ts[0m:[93m22[0m:[93m38[0m - [91merror[0m[90m TS2339: [0mProperty 'findAll' does not exist on type 'NotificationsService'.

[7m22[0m     return this.notificationsService.findAll();
[7m  [0m [91m                                     ~~~~~~~[0m

[96msrc/notifications/notifications.controller.ts[0m:[93m32[0m:[93m38[0m - [91merror[0m[90m TS2339: [0mProperty 'findOne' does not exist on type 'NotificationsService'.

[7m32[0m     return this.notificationsService.findOne(id);
[7m  [0m [91m                                     ~~~~~~~[0m

[96msrc/notifications/notifications.controller.ts[0m:[93m37[0m:[93m38[0m - [91merror[0m[90m TS2339: [0mProperty 'update' does not exist on type 'NotificationsService'.

[7m37[0m     return this.notificationsService.update(id, updateNotificationDto);
[7m  [0m [91m                                     ~~~~~~[0m

[96msrc/notifications/notifications.controller.ts[0m:[93m47[0m:[93m38[0m - [91merror[0m[90m TS2339: [0mProperty 'markAllAsReadForUser' does not exist on type 'NotificationsService'.

[7m47[0m     return this.notificationsService.markAllAsReadForUser(userId);
[7m  [0m [91m                                     ~~~~~~~~~~~~~~~~~~~~[0m

[96msrc/notifications/notifications.controller.ts[0m:[93m52[0m:[93m38[0m - [91merror[0m[90m TS2339: [0mProperty 'remove' does not exist on type 'NotificationsService'.

[7m52[0m     return this.notificationsService.remove(id);
[7m  [0m [91m                                     ~~~~~~[0m

[96msrc/notifications/ntfy.service.ts[0m:[93m32[0m:[93m49[0m - [91merror[0m[90m TS2339: [0mProperty 'message' does not exist on type 'unknown'.

[7m32[0m       this.logger.warn(`ntfy push failed: ${err.message}`);
[7m  [0m [91m                                                ~~~~~~~[0m

[[90m4:21:27 PM[0m] Found 7 errors. Watching for file changes.

[2J[3J[H[[90m4:21:54 PM[0m] File change detected. Starting incremental compilation...

[96msrc/notifications/ntfy.service.ts[0m:[93m32[0m:[93m49[0m - [91merror[0m[90m TS2339: [0mProperty 'message' does not exist on type 'unknown'.

[7m32[0m       this.logger.warn(`ntfy push failed: ${err.message}`);
[7m  [0m [91m                                                ~~~~~~~[0m

[[90m4:21:54 PM[0m] Found 1 error. Watching for file changes.

[2J[3J[H[[90m4:22:31 PM[0m] File change detected. Starting incremental compilation...

[96msrc/bookings/bookings.service.ts[0m:[93m163[0m:[93m32[0m - [91merror[0m[90m TS2339: [0mProperty 'isOpenForPartners' does not exist on type 'CreateBookingDto & { userId: string; }'.

[7m163[0m         isOpenForPartners: dto.isOpenForPartners ?? false,
[7m   [0m [91m                               ~~~~~~~~~~~~~~~~~[0m

[96msrc/notifications/ntfy.service.ts[0m:[93m32[0m:[93m49[0m - [91merror[0m[90m TS2339: [0mProperty 'message' does not exist on type 'unknown'.

[7m32[0m       this.logger.warn(`ntfy push failed: ${err.message}`);
[7m  [0m [91m                                                ~~~~~~~[0m

[[90m4:22:31 PM[0m] Found 2 errors. Watching for file changes.

[2J[3J[H[[90m4:22:38 PM[0m] File change detected. Starting incremental compilation...

[96msrc/bookings/dto/booking.dto.ts[0m:[93m64[0m:[93m4[0m - [91merror[0m[90m TS2552: [0mCannot find name 'IsBoolean'. Did you mean 'Boolean'?

[7m64[0m   @IsBoolean()
[7m  [0m [91m   ~~~~~~~~~[0m

  [96mnode_modules/typescript/lib/lib.es5.d.ts[0m:[93m555[0m:[93m13[0m
    [7m555[0m declare var Boolean: BooleanConstructor;
    [7m   [0m [96m            ~~~~~~~[0m
    'Boolean' is declared here.

[96msrc/notifications/ntfy.service.ts[0m:[93m32[0m:[93m49[0m - [91merror[0m[90m TS2339: [0mProperty 'message' does not exist on type 'unknown'.

[7m32[0m       this.logger.warn(`ntfy push failed: ${err.message}`);
[7m  [0m [91m                                                ~~~~~~~[0m

[[90m4:22:38 PM[0m] Found 2 errors. Watching for file changes.

[2J[3J[H[[90m4:22:44 PM[0m] File change detected. Starting incremental compilation...

[96msrc/notifications/ntfy.service.ts[0m:[93m32[0m:[93m49[0m - [91merror[0m[90m TS2339: [0mProperty 'message' does not exist on type 'unknown'.

[7m32[0m       this.logger.warn(`ntfy push failed: ${err.message}`);
[7m  [0m [91m                                                ~~~~~~~[0m

[[90m4:22:44 PM[0m] Found 1 error. Watching for file changes.

[2J[3J[H[[90m4:22:50 PM[0m] File change detected. Starting incremental compilation...

[96msrc/notifications/ntfy.service.ts[0m:[93m32[0m:[93m49[0m - [91merror[0m[90m TS2339: [0mProperty 'message' does not exist on type 'unknown'.

[7m32[0m       this.logger.warn(`ntfy push failed: ${err.message}`);
[7m  [0m [91m                                                ~~~~~~~[0m

[[90m4:22:51 PM[0m] Found 1 error. Watching for file changes.

[2J[3J[H[[90m4:23:10 PM[0m] File change detected. Starting incremental compilation...

[96msrc/notifications/ntfy.service.ts[0m:[93m32[0m:[93m49[0m - [91merror[0m[90m TS2339: [0mProperty 'message' does not exist on type 'unknown'.

[7m32[0m       this.logger.warn(`ntfy push failed: ${err.message}`);
[7m  [0m [91m                                                ~~~~~~~[0m

[[90m4:23:10 PM[0m] Found 1 error. Watching for file changes.

[2J[3J[H[[90m4:24:17 PM[0m] File change detected. Starting incremental compilation...

[96msrc/notifications/ntfy.service.ts[0m:[93m32[0m:[93m49[0m - [91merror[0m[90m TS2339: [0mProperty 'message' does not exist on type 'unknown'.

[7m32[0m       this.logger.warn(`ntfy push failed: ${err.message}`);
[7m  [0m [91m                                                ~~~~~~~[0m

[[90m4:24:18 PM[0m] Found 1 error. Watching for file changes.

[2J[3J[H[[90m4:24:18 PM[0m] File change detected. Starting incremental compilation...

[96msrc/notifications/ntfy.service.ts[0m:[93m32[0m:[93m49[0m - [91merror[0m[90m TS2339: [0mProperty 'message' does not exist on type 'unknown'.

[7m32[0m       this.logger.warn(`ntfy push failed: ${err.message}`);
[7m  [0m [91m                                                ~~~~~~~[0m

[[90m4:24:18 PM[0m] Found 1 error. Watching for file changes.

[2J[3J[H[[90m4:24:53 PM[0m] File change detected. Starting incremental compilation...

[[90m4:24:53 PM[0m] Found 0 errors. Watching for file changes.

[32m[Nest] 33648  - [39m04/08/2026, 4:24:53 PM [32m    LOG[39m [38;5;3m[NestFactory] [39m[32mStarting Nest application...[39m
[32m[Nest] 33648  - [39m04/08/2026, 4:24:53 PM [32m    LOG[39m [38;5;3m[InstanceLoader] [39m[32mAppModule dependencies initialized[39m[38;5;3m +18ms[39m
[32m[Nest] 33648  - [39m04/08/2026, 4:24:53 PM [32m    LOG[39m [38;5;3m[InstanceLoader] [39m[32mPrismaModule dependencies initialized[39m[38;5;3m +1ms[39m
[32m[Nest] 33648  - [39m04/08/2026, 4:24:53 PM [32m    LOG[39m [38;5;3m[InstanceLoader] [39m[32mPassportModule dependencies initialized[39m[38;5;3m +0ms[39m
[32m[Nest] 33648  - [39m04/08/2026, 4:24:53 PM [32m    LOG[39m [38;5;3m[InstanceLoader] [39m[32mWebsocketModule dependencies initialized[39m[38;5;3m +0ms[39m
[32m[Nest] 33648  - [39m04/08/2026, 4:24:53 PM [32m    LOG[39m [38;5;3m[InstanceLoader] [39m[32mConfigHostModule dependencies initialized[39m[38;5;3m +0ms[39m
[32m[Nest] 33648  - [39m04/08/2026, 4:24:53 PM [32m    LOG[39m [38;5;3m[InstanceLoader] [39m[32mJwtModule dependencies initialized[39m[38;5;3m +1ms[39m
[32m[Nest] 33648  - [39m04/08/2026, 4:24:53 PM [32m    LOG[39m [38;5;3m[InstanceLoader] [39m[32mConfigModule dependencies initialized[39m[38;5;3m +0ms[39m
[32m[Nest] 33648  - [39m04/08/2026, 4:24:53 PM [32m    LOG[39m [38;5;3m[InstanceLoader] [39m[32mUsersModule dependencies initialized[39m[38;5;3m +0ms[39m
[32m[Nest] 33648  - [39m04/08/2026, 4:24:53 PM [32m    LOG[39m [38;5;3m[InstanceLoader] [39m[32mResourcesModule dependencies initialized[39m[38;5;3m +1ms[39m
[32m[Nest] 33648  - [39m04/08/2026, 4:24:53 PM [32m    LOG[39m [38;5;3m[InstanceLoader] [39m[32mActivitiesModule dependencies initialized[39m[38;5;3m +0ms[39m
[32m[Nest] 33648  - [39m04/08/2026, 4:24:53 PM [32m    LOG[39m [38;5;3m[InstanceLoader] [39m[32mPricingModule dependencies initialized[39m[38;5;3m +0ms[39m
[32m[Nest] 33648  - [39m04/08/2026, 4:24:53 PM [32m    LOG[39m [38;5;3m[InstanceLoader] [39m[32mNotificationsModule dependencies initialized[39m[38;5;3m +1ms[39m
[32m[Nest] 33648  - [39m04/08/2026, 4:24:53 PM [32m    LOG[39m [38;5;3m[InstanceLoader] [39m[32mStaffModule dependencies initialized[39m[38;5;3m +0ms[39m
[32m[Nest] 33648  - [39m04/08/2026, 4:24:53 PM [32m    LOG[39m [38;5;3m[InstanceLoader] [39m[32mBookingsModule dependencies initialized[39m[38;5;3m +0ms[39m
[32m[Nest] 33648  - [39m04/08/2026, 4:24:53 PM [32m    LOG[39m [38;5;3m[InstanceLoader] [39m[32mAuthModule dependencies initialized[39m[38;5;3m +0ms[39m
[32m[Nest] 33648  - [39m04/08/2026, 4:24:53 PM [32m    LOG[39m [38;5;3m[InstanceLoader] [39m[32mAdminModule dependencies initialized[39m[38;5;3m +0ms[39m
[32m[Nest] 33648  - [39m04/08/2026, 4:24:53 PM [32m    LOG[39m [38;5;3m[WebSocketsController] [39m[32mWebsocketGateway subscribed to the "join-room" message[39m[38;5;3m +45ms[39m
[32m[Nest] 33648  - [39m04/08/2026, 4:24:53 PM [32m    LOG[39m [38;5;3m[WebSocketsController] [39m[32mWebsocketGateway subscribed to the "leave-room" message[39m[38;5;3m +0ms[39m
[32m[Nest] 33648  - [39m04/08/2026, 4:24:53 PM [32m    LOG[39m [38;5;3m[WebSocketsController] [39m[32mWebsocketGateway subscribed to the "booking-update" message[39m[38;5;3m +0ms[39m
[32m[Nest] 33648  - [39m04/08/2026, 4:24:53 PM [32m    LOG[39m [38;5;3m[WebSocketsController] [39m[32mWebsocketGateway subscribed to the "activity-update" message[39m[38;5;3m +0ms[39m
[32m[Nest] 33648  - [39m04/08/2026, 4:24:53 PM [32m    LOG[39m [38;5;3m[WebSocketsController] [39m[32mWebsocketGateway subscribed to the "notification" message[39m[38;5;3m +0ms[39m
[32m[Nest] 33648  - [39m04/08/2026, 4:24:53 PM [32m    LOG[39m [38;5;3m[RoutesResolver] [39m[32mAuthController {/auth}:[39m[38;5;3m +1ms[39m
[32m[Nest] 33648  - [39m04/08/2026, 4:24:53 PM [32m    LOG[39m [38;5;3m[RouterExplorer] [39m[32mMapped {/auth/register, POST} route[39m[38;5;3m +2ms[39m
[32m[Nest] 33648  - [39m04/08/2026, 4:24:53 PM [32m    LOG[39m [38;5;3m[RouterExplorer] [39m[32mMapped {/auth/login, POST} route[39m[38;5;3m +0ms[39m
[32m[Nest] 33648  - [39m04/08/2026, 4:24:53 PM [32m    LOG[39m [38;5;3m[RouterExplorer] [39m[32mMapped {/auth/profile, GET} route[39m[38;5;3m +0ms[39m
[32m[Nest] 33648  - [39m04/08/2026, 4:24:53 PM [32m    LOG[39m [38;5;3m[RouterExplorer] [39m[32mMapped {/auth/profile, PUT} route[39m[38;5;3m +1ms[39m
[32m[Nest] 33648  - [39m04/08/2026, 4:24:53 PM [32m    LOG[39m [38;5;3m[RouterExplorer] [39m[32mMapped {/auth/refresh, POST} route[39m[38;5;3m +0ms[39m
[32m[Nest] 33648  - [39m04/08/2026, 4:24:53 PM [32m    LOG[39m [38;5;3m[RoutesResolver] [39m[32mUsersController {/users}:[39m[38;5;3m +0ms[39m
[32m[Nest] 33648  - [39m04/08/2026, 4:24:53 PM [32m    LOG[39m [38;5;3m[RouterExplorer] [39m[32mMapped {/users, GET} route[39m[38;5;3m +0ms[39m
[32m[Nest] 33648  - [39m04/08/2026, 4:24:53 PM [32m    LOG[39m [38;5;3m[RouterExplorer] [39m[32mMapped {/users/:id, GET} route[39m[38;5;3m +1ms[39m
[32m[Nest] 33648  - [39m04/08/2026, 4:24:53 PM [32m    LOG[39m [38;5;3m[RouterExplorer] [39m[32mMapped {/users, POST} route[39m[38;5;3m +0ms[39m
[32m[Nest] 33648  - [39m04/08/2026, 4:24:53 PM [32m    LOG[39m [38;5;3m[RouterExplorer] [39m[32mMapped {/users/:id, PUT} route[39m[38;5;3m +0ms[39m
[32m[Nest] 33648  - [39m04/08/2026, 4:24:53 PM [32m    LOG[39m [38;5;3m[RouterExplorer] [39m[32mMapped {/users/:id, DELETE} route[39m[38;5;3m +1ms[39m
[32m[Nest] 33648  - [39m04/08/2026, 4:24:53 PM [32m    LOG[39m [38;5;3m[RoutesResolver] [39m[32mActivitiesController {/activities}:[39m[38;5;3m +0ms[39m
[32m[Nest] 33648  - [39m04/08/2026, 4:24:53 PM [32m    LOG[39m [38;5;3m[RouterExplorer] [39m[32mMapped {/activities, GET} route[39m[38;5;3m +0ms[39m
[32m[Nest] 33648  - [39m04/08/2026, 4:24:53 PM [32m    LOG[39m [38;5;3m[RouterExplorer] [39m[32mMapped {/activities/:id, GET} route[39m[38;5;3m +0ms[39m
[32m[Nest] 33648  - [39m04/08/2026, 4:24:53 PM [32m    LOG[39m [38;5;3m[RoutesResolver] [39m[32mResourcesController {/resources}:[39m[38;5;3m +0ms[39m
[32m[Nest] 33648  - [39m04/08/2026, 4:24:53 PM [32m    LOG[39m [38;5;3m[RouterExplorer] [39m[32mMapped {/resources, POST} route[39m[38;5;3m +0ms[39m
[32m[Nest] 33648  - [39m04/08/2026, 4:24:53 PM [32m    LOG[39m [38;5;3m[RouterExplorer] [39m[32mMapped {/resources, GET} route[39m[38;5;3m +1ms[39m
[32m[Nest] 33648  - [39m04/08/2026, 4:24:53 PM [32m    LOG[39m [38;5;3m[RouterExplorer] [39m[32mMapped {/resources/:id, GET} route[39m[38;5;3m +0ms[39m
[32m[Nest] 33648  - [39m04/08/2026, 4:24:53 PM [32m    LOG[39m [38;5;3m[RouterExplorer] [39m[32mMapped {/resources/:id, PUT} route[39m[38;5;3m +0ms[39m
[32m[Nest] 33648  - [39m04/08/2026, 4:24:53 PM [32m    LOG[39m [38;5;3m[RouterExplorer] [39m[32mMapped {/resources/:id, DELETE} route[39m[38;5;3m +0ms[39m
[32m[Nest] 33648  - [39m04/08/2026, 4:24:53 PM [32m    LOG[39m [38;5;3m[RoutesResolver] [39m[32mBookingsController {/bookings}:[39m[38;5;3m +0ms[39m
[32m[Nest] 33648  - [39m04/08/2026, 4:24:53 PM [32m    LOG[39m [38;5;3m[RouterExplorer] [39m[32mMapped {/bookings, POST} route[39m[38;5;3m +1ms[39m
[32m[Nest] 33648  - [39m04/08/2026, 4:24:53 PM [32m    LOG[39m [38;5;3m[RouterExplorer] [39m[32mMapped {/bookings/lobby, GET} route[39m[38;5;3m +0ms[39m
[32m[Nest] 33648  - [39m04/08/2026, 4:24:53 PM [32m    LOG[39m [38;5;3m[RouterExplorer] [39m[32mMapped {/bookings, GET} route[39m[38;5;3m +0ms[39m
[32m[Nest] 33648  - [39m04/08/2026, 4:24:53 PM [32m    LOG[39m [38;5;3m[RouterExplorer] [39m[32mMapped {/bookings/:id, GET} route[39m[38;5;3m +0ms[39m
[32m[Nest] 33648  - [39m04/08/2026, 4:24:53 PM [32m    LOG[39m [38;5;3m[RouterExplorer] [39m[32mMapped {/bookings/:id, PUT} route[39m[38;5;3m +0ms[39m
[32m[Nest] 33648  - [39m04/08/2026, 4:24:53 PM [32m    LOG[39m [38;5;3m[RouterExplorer] [39m[32mMapped {/bookings/:id, DELETE} route[39m[38;5;3m +1ms[39m
[32m[Nest] 33648  - [39m04/08/2026, 4:24:53 PM [32m    LOG[39m [38;5;3m[RoutesResolver] [39m[32mPricingController {/pricing}:[39m[38;5;3m +0ms[39m
[32m[Nest] 33648  - [39m04/08/2026, 4:24:53 PM [32m    LOG[39m [38;5;3m[RouterExplorer] [39m[32mMapped {/pricing, POST} route[39m[38;5;3m +0ms[39m
[32m[Nest] 33648  - [39m04/08/2026, 4:24:53 PM [32m    LOG[39m [38;5;3m[RouterExplorer] [39m[32mMapped {/pricing, GET} route[39m[38;5;3m +0ms[39m
[32m[Nest] 33648  - [39m04/08/2026, 4:24:53 PM [32m    LOG[39m [38;5;3m[RouterExplorer] [39m[32mMapped {/pricing/calculate/:resourceId, GET} route[39m[38;5;3m +1ms[39m
[32m[Nest] 33648  - [39m04/08/2026, 4:24:53 PM [32m    LOG[39m [38;5;3m[RouterExplorer] [39m[32mMapped {/pricing/:id, GET} route[39m[38;5;3m +0ms[39m
[32m[Nest] 33648  - [39m04/08/2026, 4:24:53 PM [32m    LOG[39m [38;5;3m[RouterExplorer] [39m[32mMapped {/pricing/:id, PUT} route[39m[38;5;3m +0ms[39m
[32m[Nest] 33648  - [39m04/08/2026, 4:24:53 PM [32m    LOG[39m [38;5;3m[RouterExplorer] [39m[32mMapped {/pricing/:id, DELETE} route[39m[38;5;3m +1ms[39m
[32m[Nest] 33648  - [39m04/08/2026, 4:24:53 PM [32m    LOG[39m [38;5;3m[RoutesResolver] [39m[32mNotificationsController {/notifications}:[39m[38;5;3m +0ms[39m
[32m[Nest] 33648  - [39m04/08/2026, 4:24:53 PM [32m    LOG[39m [38;5;3m[RouterExplorer] [39m[32mMapped {/notifications, GET} route[39m[38;5;3m +0ms[39m
[32m[Nest] 33648  - [39m04/08/2026, 4:24:53 PM [32m    LOG[39m [38;5;3m[RouterExplorer] [39m[32mMapped {/notifications/unread, GET} route[39m[38;5;3m +0ms[39m
[32m[Nest] 33648  - [39m04/08/2026, 4:24:53 PM [32m    LOG[39m [38;5;3m[RouterExplorer] [39m[32mMapped {/notifications/unread/count, GET} route[39m[38;5;3m +0ms[39m
[32m[Nest] 33648  - [39m04/08/2026, 4:24:53 PM [32m    LOG[39m [38;5;3m[RouterExplorer] [39m[32mMapped {/notifications/:id/read, PUT} route[39m[38;5;3m +0ms[39m
[32m[Nest] 33648  - [39m04/08/2026, 4:24:53 PM [32m    LOG[39m [38;5;3m[RouterExplorer] [39m[32mMapped {/notifications/read-all, PUT} route[39m[38;5;3m +1ms[39m
[32m[Nest] 33648  - [39m04/08/2026, 4:24:53 PM [32m    LOG[39m [38;5;3m[RoutesResolver] [39m[32mStaffController {/staff}:[39m[38;5;3m +0ms[39m
[32m[Nest] 33648  - [39m04/08/2026, 4:24:53 PM [32m    LOG[39m [38;5;3m[RouterExplorer] [39m[32mMapped {/staff, POST} route[39m[38;5;3m +0ms[39m
[32m[Nest] 33648  - [39m04/08/2026, 4:24:53 PM [32m    LOG[39m [38;5;3m[RouterExplorer] [39m[32mMapped {/staff, GET} route[39m[38;5;3m +0ms[39m
[32m[Nest] 33648  - [39m04/08/2026, 4:24:53 PM [32m    LOG[39m [38;5;3m[RouterExplorer] [39m[32mMapped {/staff/:id, GET} route[39m[38;5;3m +0ms[39m
[32m[Nest] 33648  - [39m04/08/2026, 4:24:53 PM [32m    LOG[39m [38;5;3m[RouterExplorer] [39m[32mMapped {/staff/:id, PATCH} route[39m[38;5;3m +0ms[39m
[32m[Nest] 33648  - [39m04/08/2026, 4:24:53 PM [32m    LOG[39m [38;5;3m[RouterExplorer] [39m[32mMapped {/staff/:id, DELETE} route[39m[38;5;3m +1ms[39m
[32m[Nest] 33648  - [39m04/08/2026, 4:24:53 PM [32m    LOG[39m [38;5;3m[RoutesResolver] [39m[32mAdminBookingsController {/admin/bookings}:[39m[38;5;3m +0ms[39m
[32m[Nest] 33648  - [39m04/08/2026, 4:24:53 PM [32m    LOG[39m [38;5;3m[RouterExplorer] [39m[32mMapped {/admin/bookings, GET} route[39m[38;5;3m +0ms[39m
[32m[Nest] 33648  - [39m04/08/2026, 4:24:53 PM [32m    LOG[39m [38;5;3m[RouterExplorer] [39m[32mMapped {/admin/bookings/pending, GET} route[39m[38;5;3m +0ms[39m
[32m[Nest] 33648  - [39m04/08/2026, 4:24:53 PM [32m    LOG[39m [38;5;3m[RouterExplorer] [39m[32mMapped {/admin/bookings/dashboard, GET} route[39m[38;5;3m +0ms[39m
[32m[Nest] 33648  - [39m04/08/2026, 4:24:53 PM [32m    LOG[39m [38;5;3m[RouterExplorer] [39m[32mMapped {/admin/bookings/staff, GET} route[39m[38;5;3m +0ms[39m
[32m[Nest] 33648  - [39m04/08/2026, 4:24:53 PM [32m    LOG[39m [38;5;3m[RouterExplorer] [39m[32mMapped {/admin/bookings/:id/approve, POST} route[39m[38;5;3m +0ms[39m
[32m[Nest] 33648  - [39m04/08/2026, 4:24:53 PM [32m    LOG[39m [38;5;3m[RouterExplorer] [39m[32mMapped {/admin/bookings/:id/reject, POST} route[39m[38;5;3m +1ms[39m
[32m[Nest] 33648  - [39m04/08/2026, 4:24:53 PM [32m    LOG[39m [38;5;3m[RouterExplorer] [39m[32mMapped {/admin/bookings/:id/paid, POST} route[39m[38;5;3m +0ms[39m
[32m[Nest] 33648  - [39m04/08/2026, 4:24:53 PM [32m    LOG[39m [38;5;3m[PrismaService] [39m[32mDatabase connected[39m
[32m[Nest] 33648  - [39m04/08/2026, 4:24:53 PM [32m    LOG[39m [38;5;3m[NestApplication] [39m[32mNest application successfully started[39m[38;5;3m +1ms[39m
